id,label
aaa580243,50
b9e60ac3b,67
00e4f514e,103
52a88af32,28
aeb67eefb,4
8d808a07b,53
dfc9c6a23,103
59d1b6146,102
53cfc6586,49
c37a6f3e9,81
252d840db,67
1c4736dea,28
541c4d41e,73
a98328317,10
d907ca7c0,49
0b9afbdf2,14
0c79ae44d,102
78dbf0e31,47
6fd484575,73
f267d94cc,75
2213dd7ad,103
c2c5a8cc9,7
8a952300f,52
48c96bd6b,73
8b2742145,49
630ba700c,73
dfd946ac8,0
6e644aad3,13
ffd3661d4,47
e0098a158,4
d4ab201b8,90
8097bc805,76
9fe27bb58,14
478e21c30,14
c3194a1e8,69
f1184530f,4
edecaff0a,67
550290aaa,13
6e4cea791,4
7b437ba4e,49
111388cb7,94
22149c3fd,67
0c3ae4377,52
98f62f563,50
9704969a7,4
0ae82a090,86
ed308c95d,30
2f9bf2b8a,84
c1f18cb5d,49
a51abdf4f,53
b7b3939ca,79
8f76524a3,96
37e16acde,75
45a842008,64
ff889e23b,49
1b7aef8e8,79
8f252ecb2,4
07c0d22bb,102
a31f90373,67
855229539,77
0cfc11aec,49
73a3ae7ee,47
035f7cb0e,49
c245c24bd,59
01cf43e0a,80
0cf6cceda,19
9a4cb2829,4
6e08cae12,67
054412f7e,55
acf17fceb,4
d95bb7f70,46
d6143b4d4,4
91db7053a,78
b4663783a,102
0bf251179,73
512aaea7c,75
333beeeb9,48
410639882,85
38cf8682d,4
0f33f1ca9,103
04a7a4f50,102
70d635915,82
cc0db3719,48
367f0d3ab,79
1548838d2,48
91b8321dd,0
85f57ce0b,47
2f90dff16,43
0542511ad,4
4acd9d511,53
2dd56f346,75
b57dfb28a,25
9fc75b12b,4
5b87d8d4b,44
117aabfd8,29
09780bc52,47
5b0a35493,10
7efb877f1,103
66e6f6938,83
69e41bdea,49
5ac870ba2,8
84fc77fbd,73
0c3928144,8
8e7173502,13
3f3977d40,73
6066bf3b3,28
d5320553f,4
3cf6321ab,0
3b66e2c2a,49
885f2eac5,73
2b5d0e5c2,48
0039e54f0,55
83714b580,53
2df00f8e9,13
f028e8401,90
f969c00cd,4
bb0b9304e,102
c2d849108,82
ef31624e8,30
ae62dc8b0,90
5fff5ccb0,41
584b3a955,67
e45a81eb4,4
a83db002c,80
a51b01392,30
f4cd5efa6,69
b7a8c231f,48
53be7448d,67
aa070417f,103
fa612d18c,76
04c9322f3,4
e6dc466d6,14
d97215599,13
116b7f1b1,67
319090100,77
a29fae12a,29
6d34e11fc,4
94d32655a,93
6074e6638,43
ac0930c4d,75
0120d37e5,67
42b0abd95,50
f42d2d722,47
a6db70773,4
a256f13ff,14
ec60dee71,53
3341a6efb,77
5d3f635c6,102
034ef87a4,14
37090107a,45
27bf39b00,49
5eabca233,60
7c856ad41,75
c8bec0f66,47
1a5872fb5,65
2fafd906d,4
8899f1bd1,0
73092f468,0
d69a2d62b,102
a0925df64,102
bd8139bb7,4
1f244d315,102
19e239913,43
37bd7591f,67
416e24d42,13
2d0752813,52
212081efd,86
9950111eb,67
780f371fd,88
7acc72b45,67
2a5e80a12,63
41ab6b40a,7
5002bff77,103
401b6e0c9,14
0d27bbb79,40
30eaaa6c9,87
87020b1ce,25
67056dfa6,14
5954973f3,67
960cb8c40,102
0394a004e,103
ca82d5eb3,103
cd4b41085,58
e7292df85,4
15409e0d2,0
8d8f3ee47,56
5bb0fd4f7,67
ac6d42eca,48
7b825842e,53
473c84ae9,13
099a2107d,73
f2cb54027,10
b61f62d90,53
4abefc989,9
d31f5a836,16
165378703,57
abed810c6,94
997575057,48
2cb2c881e,14
e345afe29,10
2538e0716,67
33a504d5d,87
a1a2e7691,48
4e5e899bd,53
3a1c2ac95,55
d9aa13213,4
9924275c7,48
7dd20f99e,85
710a380e2,103
1dc234d6d,4
84b7495d6,87
f351a6e43,30
e1e7f8c61,103
b784d7a07,78
3cb2f9e9c,0
48f82311a,9
a2b499115,70
06291a920,67
fe2bfa700,70
eb86fad74,4
72e6235c1,43
8756842ba,102
97a7c1e5b,87
45655caf4,68
92c33e670,67
6521bc49e,67
4c0a72203,24
add649c7d,50
f85a5ee9a,103
03091fb7a,49
9a4c23eeb,48
774e6e2a9,48
6115fb1ac,102
3231f45f3,53
0435e3c70,13
efa3cd848,48
1c4bdac93,4
41f6cf7e1,48
bf54b2c66,14
26d1f0e73,53
8d5494b6f,53
cc9cd7803,0
d2b091c3b,10
8257df18f,53
6b82e86e7,4
a2aa2199a,0
50de80a98,4
3da7e8585,78
3cc7863f5,4
7a7fefad9,86
3d2ee2570,67
c476f6495,103
28f90d5f0,79
b1041fc0d,29
89c87633a,91
8c102e395,81
32b46db46,103
54f73d67c,14
8e412c7e5,49
36b0477d7,49
6557acff6,79
5c2b3adde,71
ba9e33af2,83
2d3ea8986,103
4fb5992b3,39
2a0dc41cd,35
6ef2473d3,13
954d0fe63,14
760068096,4
6c6ba5d80,75
b51c9863e,43
cbb2dd81a,73
1a96992d9,67
dcbd123a6,62
a69c80256,48
705344bd8,67
dd20b2594,62
0fc91f469,53
e58b03040,72
e5f6dbca4,48
abfe5bd86,99
9f6708c0b,53
73ff3946d,73
8d53d2814,103
19e95658b,93
2b347b559,57
03c9840a9,30
814e0e21e,10
28fa2b3c8,43
a91426ca4,7
2b313ee7c,102
44d4d79f1,14
35cb5e3c3,77
c8aa236c5,49
141fe61d6,9
083ee0c99,5
aedab5dc5,74
4b4291637,69
2bf06cd03,75
f5b855bb6,67
50ee680eb,67
33f20f40b,4
a8a8b4261,74
e203d6713,103
369693f04,69
c7dad9e04,48
344a190fa,103
7b3780a82,67
9d56168f2,51
5f0542bfc,91
8af7864d3,95
49ebce8a6,71
12c738d87,73
3b89f294f,54
5b3c21bc7,53
1ee5a55be,9
11b0ea314,12
45c6bef70,73
65d1f9b28,0
f670aa5ac,36
c099603ac,14
15f331c1c,103
77f6880d2,22
d25115245,48
a0e86b0b1,21
1d149bccd,13
9a4b0da88,4
6aaaa29e5,53
2841a62a6,57
32aa8548d,78
336577848,103
22f63c29b,103
a19256173,46
c251cfdb5,75
359625cf3,40
b547b5949,103
b9b1f27a7,73
75d255458,95
e5b0c4faf,53
c92860c63,48
50bb7de2d,4
0ac2378b9,39
8e2b5a31b,0
01c633ff1,74
ed127c922,73
7c30e1a81,48
e9b9e8a26,49
ce71e2dfe,94
36c344ab5,67
c2915a59d,49
05a947c38,10
0b1ddcd93,75
5413350ec,91
ff30e8b96,26
052d2dde2,67
1c39926e6,4
d4ae8d14a,47
cf95485eb,14
e7393ca3b,95
23253eaed,68
44e4c1b98,67
9b1b30062,73
aedb03983,50
94db73148,40
22eaa8132,49
9c2f4d9ba,50
fb56bcd7d,94
2eb1d2313,41
282dca22f,103
0dd7f1f16,30
524961d31,4
8846a7457,0
6485b01ac,4
46ccb6bd3,67
53ef32294,80
eb64f3c3f,94
b5422eec0,48
246798d36,102
49b260995,95
56e5b72fb,4
2b782bb3f,0
58c271df1,103
39e216b40,24
cd27460a9,103
6cadad337,14
662f8bc0f,68
b2b7e722d,95
0e62ddf15,4
78f6357bc,50
ec09668c7,12
50a645c94,49
b2a655d89,13
e5a6a39de,4
9679190dd,70
fac9307e4,47
5b8579555,63
6939eb499,13
4c1b8a5c3,4
c4081a31e,4
88be303e1,7
13fdfe24d,92
2f4c11e66,51
f83e299b4,67
2cdb115b6,102
e5ee0be59,71
d09afd3b0,73
a2606d96b,52
c0a83f8bf,13
eb4dbb060,83
eea83069a,67
1f36484d7,49
c145a87d1,67
400b2bbda,41
62ea468a3,94
20b97d483,0
370fe09fa,32
7de7343c3,93
6ca8991a6,53
bbaef0141,67
05b14593a,48
ce53cea31,72
7302be7da,47
c0de46b28,54
1f2eca93a,72
f88592f94,73
f7f45e1d2,40
d6a792c0d,40
54493a1bd,21
edbf64b0b,48
6e3c0fddd,49
4de97f685,59
bfcb81efc,10
0679c1097,67
4ea1d0d52,53
01555bed7,53
8fcb4c7e3,91
8459de1be,83
10dee0305,5
7799eb3ef,48
2b5f79660,67
dbeef740d,81
1932af102,53
d828c217b,77
558548e53,67
e40a71ec4,103
0e0caa0a2,4
0a9e05e74,81
e161af94b,103
653443f38,93
01492b421,93
b1296679d,75
4f363e9db,103
4e792387e,27
2a7c1dbf3,4
0d613de49,48
1a2e45581,83
c82e8a869,4
8a566296b,49
353bf092d,80
a0277cf50,67
a97dcebf1,103
ad9a77e7d,49
36f02d6c2,93
b52dcfa52,49
0e9e5a0f0,75
466f28358,103
2a0404164,48
f84335116,48
7504b36cf,94
8df7f4638,14
743c74763,90
eda20ddee,14
50a1849f4,73
234f9781c,14
793a50bcd,103
58dc520a5,34
d5bb1b0c8,99
9e3425ede,4
35946cce9,103
4bfdf517d,80
896467495,70
237fe1fb0,30
f0f03b04d,102
6bb4e9d41,48
7c8c55147,102
0124e277f,68
cb5c98667,7
2618facbd,72
c83f746ac,48
f4c6d5b0d,56
25db0cefa,71
80c048cf1,4
4250ed062,25
e8c49e13f,57
38fdf8c81,80
250f30059,103
57f357144,93
37822e7db,70
4c4caa583,4
90452c872,4
241202d64,72
dc370d0dd,49
fc7c304b6,9
7530384bf,4
1a7463151,65
009b39e15,73
533d4492a,56
ea7342d9a,86
57c754d1c,14
e8612373e,75
3052916cc,73
2abdb1c5c,47
fb9520cef,93
4d9a5c0d6,52
39ceb1ff2,94
fd168583e,4
ca96ff636,67
ce5f6dcef,87
e48737634,10
14ea3ffb9,58
44a477145,53
c3b24720b,67
5d23a793d,75
f20ae4712,53
386e40044,14
58ff8f465,49
b022bab0f,59
559dc9594,22
a8740586a,4
8c8ffc7cf,10
146463828,14
5ff57970a,13
5a68d7893,8
c144ae440,103
316c28a80,40
c4c802142,49
6cd161345,4
b4aa13520,102
49e871eee,0
165766e9b,10
a8331323f,27
d9f3637bf,13
202a8996e,83
dd1e506e4,4
20a48922b,47
6dbeff852,30
99be4bfbc,71
0e8760c38,103
b4d954bdc,80
f8221646b,52
5252bf766,55
26b8d61ab,12
7dbc5a9f3,13
72337a91e,10
7371defc6,43
ad2e27bb5,9
754cd2605,49
41beb5c12,75
e2cb25f6e,22
f696ea622,52
f0ca69363,102
fe590ee52,87
c0f55d16e,0
0a4ddf5c2,72
d97f377fe,102
2e3fc37e5,0
6cf753c72,102
3dee899f2,88
410d24f09,88
94cf9944d,73
18ca651a1,74
689a0fbd7,93
f3e315051,46
e0c7c20d8,83
485a5ca01,21
6285f24d7,75
d6a1ca6e7,21
9dc89dc6a,0
d6694bd34,72
adacc3a94,81
5e802f360,45
4f037af7f,49
9bf7190d6,67
3085e18eb,80
707ccc2fb,90
3e0dee547,48
2adebc1b3,18
7827a1d5b,45
6bcb5a502,20
13330e605,55
6291210cd,0
8794f7787,16
e00aa2535,0
c5fda34e8,14
0db15a736,102
811add27f,102
301054988,49
358e5478e,13
dde1f48c9,9
c67446d52,94
3e4825fb2,86
72c2a5cb0,26
74f238044,4
c2a426d70,24
82df3c1b6,45
206b27d1a,0
26a9dc162,77
58605ff84,102
dbe581aa8,8
fbc29acc1,62
60711fbc1,55
74fdf6cc8,12
bb0e5dbe4,103
744730d4a,14
9eac41e56,51
5b313549c,88
d4610121f,45
ad34c1f34,64
27a95ef27,48
07550addf,7
4cbdaf60c,93
97f545d6b,90
e3e51f37a,10
ed43b8e78,102
09ddc01cb,14
0b624f751,4
68f48e5f5,0
54281d31a,103
78f5768d9,53
1c1daa6da,40
82fdb1afd,67
6182a0538,67
88d1747a0,67
5633f1101,67
b1f3717dc,86
a8f945820,53
7fd945d34,47
600bcfc2b,28
21b24a7fd,12
eec53fb8d,81
f7f17ae72,0
526449d16,91
8a89d3315,21
e91cb4f98,7
2d0fa50dd,90
68caf79b9,75
ab3210eac,75
0ec8c4296,48
0d0202522,4
5da2bfc47,83
f789af170,50
c127de43c,4
5a543e058,13
299e1957c,48
abd425a9c,93
4e9ed92fe,41
78d30a479,78
f14b84f95,43
5a2fb5300,0
15b77ba34,103
457ef8195,67
29bd0c56d,83
9b1d44428,68
f0b002c23,0
be82bd09f,4
e14129a0d,67
461f4f5b2,59
df723f46d,77
5762da038,73
c9c069119,88
d53eb8a52,0
b87d8fec4,13
624d36ae0,88
f78d35dfd,54
d9004decd,47
cd703e25f,53
a7046c744,62
81aae2d9e,102
f250dd64e,4
6fcd677ac,13
7273b1c6e,4
b94381f7b,103
852b5fb74,48
240684145,49
7d2cabb96,52
8f215711b,103
72b3fdfe8,67
4d8731d6a,103
377b22380,4
6db87048e,75
46002f8b4,80
87c39a44d,74
85934f1fd,102
a9b1f63d0,0
d6f707315,47
007d156b7,0
8d6c7ae91,73
8a7b93f64,75
b2d489e27,69
33fd32684,49
8523c7858,4
f29fbbe61,75
777ef8066,67
5ecc1c8bc,67
e826a5f20,78
4bc218fab,63
61da47774,73
26806e9cf,73
7b9220d4c,90
218676c6c,90
e6609d48b,0
fb4b0daa2,18
c2bc296b9,53
02040055f,83
c6492c817,67
0d9ca96d7,74
6d789c449,68
a80f444a2,28
bd9cf6b4e,4
527da06dd,88
f90aea0fd,95
274f4bd2e,35
94693762f,14
dd959de66,36
6823dfca4,103
cb297624d,91
cecc8c55b,103
d97675b32,0
2e4395110,75
b5860475f,21
f4672d1aa,80
8a4293e72,4
17ec6d74f,82
e1177c121,53
fb8d27d87,80
bfdf112fe,50
715ed2e29,69
228f748d6,85
15c5a0a46,28
38ea80b60,81
0cb8a264e,4
ed219c7f8,0
e33bff353,4
dc2cac36b,30
24be941cd,24
3b197ec5c,102
64a27fd4c,72
06ebbb560,0
4fd5cd91f,22
657464c72,71
c9cb86f46,50
7ba1904a2,75
2688859c7,73
db9eca137,12
ed8f1770c,8
910b97274,10
6ff58f465,71
7271d34ab,1
bf3116d78,82
0d5f19588,102
5a5e8deec,53
01337a0cf,103
31323febb,93
b364e8688,70
08a1c14db,48
56f6e9dca,67
df5a78c3d,67
affce3819,102
4df899e46,45
2f4739680,14
ef761a150,71
5b9de4b19,83
f5ce3d423,102
408fc944b,36
0a7989f52,47
084919197,67
0523c9801,67
e95f725f6,67
bff69770d,103
65ad58f26,30
b4405e586,67
264d83a6c,4
3149540a2,73
2a94eba93,73
977a23c97,102
0fdf5073b,103
4bf7df629,14
06006e0c9,0
7fdb7247e,73
3271ed094,68
339430425,67
3b39970a2,95
d60582d88,90
b1d61c023,67
df89c0568,69
1d73dffbc,93
319a4d6d7,48
9a302252a,91
274009fa1,40
b23e435d9,73
a038cdfb1,48
a73efac60,81
67ec88f39,76
892426d11,30
1c92e2b89,7
fd2bd5f1e,103
ef9591f3f,103
c71b3e27d,103
ad82b1ba6,4
cf1ad8706,67
eb0a53a24,4
1fda84008,77
2d611a037,78
6b227f122,30
45162353e,75
25405d6c9,73
e774787e4,57
ee2b50aed,22
8d8da7a3e,102
a1ecb0622,68
6abf7f144,67
ea8dfdeb3,67
f92de8523,103
9c54f2285,67
a6dbbc248,64
e44a6c4d1,10
4f06ca2cd,67
492cb82ee,91
5b3739564,78
d2b357573,43
58a01b39d,7
c6ce2c1ae,103
723403f38,74
e80ddeb7a,13
0401b69cc,76
b2b4ffcd2,72
135359fe2,29
fab2df372,73
4d1ef02af,57
854ca7f47,13
c78e06bc9,14
e1b63aee0,29
392d70bc1,14
da83fb069,75
98ecbe0b3,103
4e6d9fad8,43
cab155898,50
0b3a02b48,49
535695fe2,72
2688f98e3,12
0c8b4c597,13
2f0224a9f,75
b319ff6ce,98
07ce81250,57
9ec15c151,73
87b9d4bb4,67
7a0cfe114,49
fbbd35173,49
4e686a694,12
501117624,48
497a53f79,53
6a414839c,28
f9618eb56,68
92e74b080,47
2f0b8155a,4
da2d9bde4,103
bfd66b238,43
9a1c7e11a,53
3496823c5,4
99c05f8d5,56
98e5cf2d2,10
5bc1ab931,63
534b7cc36,75
178290233,47
e646d3124,41
27eb5a7ee,50
62a410cbb,67
6f4179bbe,102
042c90107,74
083c5dcc2,10
74bb3e711,102
44c94e8b0,67
22324cd72,102
f5277593f,47
906121480,102
2ad78f9c2,48
af70c8cc6,48
8e612d36a,103
f41d18e37,50
a8a7882c3,102
b57f67883,91
8cb3a6ba1,103
161a7d556,102
9dcdd11ed,75
93100914a,4
147e5ef99,73
14ad22971,71
3accec78a,102
7077a94ce,60
a6e0df6f5,4
40bf06f20,4
4565dbe4c,57
366a3d04f,73
37997c432,49
0053fa6c4,103
08271595e,81
650d157b1,94
05dc093b8,79
f2586d647,4
57cd097ae,73
1c435d13c,4
dd4a193be,9
956392eb6,73
b2104558a,103
220b46a44,103
81c8c5199,4
87a338501,67
91b98c869,69
eec3f5ce2,73
6f2bccdac,72
9aa0562f3,71
b14b95e77,0
2cccd8e5e,62
5ced5d4a8,0
a622a8c05,83
98dba17d5,10
60a51b6b7,49
a8efc4d66,36
360538bb1,71
12b48d46f,70
9843c53a6,88
23e50dcaf,24
624d13949,103
31dae2136,73
6308fe124,68
b25179fca,49
a86d3684a,86
eefdd0431,47
014bc73f0,29
4c9f8b6cb,73
7a90903de,73
049402ee8,102
42ce82871,48
2fa8f8b85,67
c49cb046d,21
b1ab363dd,4
04a9517b0,73
3b71397a9,88
67714a8d8,67
60ba7e522,45
e34772216,48
308dc8750,64
63de51e03,70
061e6510e,67
c0f132f35,102
ab218ac50,53
337c0f7d7,65
7457a241f,62
1951c5fbe,14
aa12729de,45
c3c4ea291,27
d0e21eef7,13
7e512d140,5
88e6ef51c,52
4d761f97e,30
95a6fdac6,50
776074cae,52
f437c8815,71
ef0ffb5dc,67
a7d9f1cdf,0
5f15c8bd6,13
2deaeb284,102
05e218a53,94
2b95366a8,0
08516fa85,50
43fdb00da,4
a4541b8d1,103
ca0113f84,1
c34f2139f,71
7c3055bc8,73
4994522d9,53
45e6036ff,53
f90c673f8,68
48490759b,4
b3d9e6b6c,67
9935f0510,67
e237880ca,67
4181595b9,57
62822763a,8
9debacefe,73
f41acf49a,73
65bc00f77,73
e0b80caf4,5
c3ae73094,52
b8e0b2ee2,49
80acbf30b,73
a5988f75e,90
101970f4e,5
5586807d4,48
96f729725,50
07283a3e1,0
4a2dd1c8f,93
7fdb2b868,10
6f509e3dd,52
1c4a00029,53
05c9fcf03,53
b840c68bc,4
9d13c547a,9
ee2886544,53
b983a51bd,4
0bfb74564,80
06ad3fc5c,73
cb3ffeb02,4
ab99925c9,53
6a0b33f79,30
f97785498,22
c429543bc,77
683ad13b4,103
1d73e26e9,0
656cc827c,73
92e7e630f,11
700fe6ff1,103
bd2e8c9b0,103
529e8c1cc,82
d0570b30f,88
e56f9fd6f,4
8cf4b952c,103
18377be3f,83
b9231d9bd,94
2184fa6f2,8
d7d866216,73
fe737e3b1,43
f3d6a27d5,103
333b45bf1,4
7b1773554,59
75001ddea,67
4fe65e8ba,49
470697d01,49
71aafc964,53
688223573,57
2d8c06a3a,0
63348128c,103
b15603bdf,4
5aafe07bf,4
795083f79,4
9a2fc15d3,13
dd754aab9,18
7bc968caf,49
6a881ec8b,17
7e3809573,49
38c7f43d6,79
011d32580,7
30e9b5b6a,71
bce577229,102
2861b1d79,58
e8d193a43,87
ce06ee7c4,72
7e4a5d836,50
4b781211f,70
5ff30ec8b,71
5cd55d54a,0
71a787fb9,12
51493dac7,13
00f9d0e97,29
35bb514f0,60
9d9654afd,103
ed4b21055,67
35396fb82,30
358530103,67
577a972a4,24
b63ea2bf3,94
49292d94c,49
6f845c04e,4
32a2079ff,49
1b0d7769d,79
289e5b823,77
05a32258d,13
a2f66236c,45
3bf2347ab,68
ca9f22cc1,4
02e2f1ca6,73
ee652c6dc,49
f07838a9e,78
0b9841d58,48
cac40db60,73
940485a6a,0
a3d606459,13
217fbb923,50
2c69b633a,13
93cdaddc1,57
dc7a50dab,77
4a122e0ad,103
bea75c9d9,32
c615baaa2,67
801d0d3c3,75
5940f63c4,13
45271b9c5,94
9643a628b,4
c4c78dc65,52
daa970cd3,67
a0faa7276,86
905ed2774,103
c33ac1a9e,103
80468179b,58
e3ce14f38,48
d93bfff1d,67
ee559b5b0,7
3744d58d1,21
4955fcb53,73
ac7c6ce37,12
b145fd2da,38
7f7c6d039,67
3dba2c4ed,22
ebc4dfd8f,67
797ae6066,52
0a159c5f5,83
87de4333d,53
9804741b6,53
26bfb56fa,53
babf57037,75
d0bb3317d,36
a567d4a59,4
698eea745,48
ad6d4b44d,55
f2d476916,45
664e5c977,67
648319d0a,102
adca067b9,103
5b45e7a4c,67
5f813832d,4
a13beee25,0
63655033a,62
a9c8ee568,67
5536e05ee,73
5745b1abc,72
68b83ad56,0
0de25d05e,90
3cd423fb6,47
4171d3272,91
f33705a47,4
778c53136,30
c1c4b2105,48
675e1db7e,48
0df8316cc,67
d4ac640c0,71
2a0eb44d2,91
00ff2c720,95
cc9db3d3f,49
2461915f8,102
0551c57d5,62
9e31cbe3b,67
6899ceaca,73
3c87fdc0f,53
764a3885f,74
dfc4c6de0,72
46f943627,30
494e86d83,67
60c40b083,49
03ac6694b,64
5a0aa798c,70
d3be0d35d,88
07b2fe99c,53
dcdf04ae1,67
3aafc89b3,102
c164f8571,57
c27d7bff9,55
05ad9d40c,4
462eb88e2,4
3eee745a9,48
8d2b32b02,29
e2480f460,10
9a55c6f1b,52
d5628d4df,8
d9111ad4b,75
f35bfd300,45
f616c93fb,103
6ab138316,91
c293ccc31,103
7a552ca1c,62
7aa990232,24
77a43b493,75
288510b49,73
4cb8ab033,60
fe1fcc972,53
28bab70cd,94
c83825f6f,72
d1b715fc8,4
903bde9b1,49
e96b3436b,24
1d8f28be5,0
a99ec466c,102
d90cad151,4
bca706d7b,50
54cebd37f,68
a7857a9be,53
33948db2d,50
d325e5d76,14
d185711fc,48
86f4d84a8,30
62a7c181d,73
10950efeb,4
f58d7487e,62
78be4d100,14
54b444711,21
5a33b53eb,49
68b41d014,70
69a8e84ba,67
d9a8f22b3,49
d4f750507,74
23a1a3753,45
5a74ce4ab,103
51c386b65,10
5b8f09d2d,14
45c11697c,79
69239f8e7,13
870b7fc50,49
a473f26bc,103
5da84086e,58
f2702f681,103
d615fd16c,49
e1bcbc106,73
c9e27d0e3,49
94c8329af,10
bf679c82f,9
14a69e3ad,9
de847e487,53
63d16d8d7,73
5d0017929,91
124e119b4,13
c2300272e,103
46656822b,73
4c1941cfc,53
d37745aae,99
da6606b4f,49
08263abdb,94
ef9f75d12,52
4d14ae692,48
75eca83b3,103
4f1f1670a,53
cdedc9d47,72
667c3c161,53
e576b00a5,21
13c92db23,0
f2d41d6c3,0
7dce481dd,0
1b6242f80,4
4daec49fc,4
9ed93a956,95
bd6862590,4
dacefb140,82
5892ebde8,67
9121b3849,48
f95b41656,53
f0efb6c04,73
665bfe8f5,102
40ebc99bd,4
a84815a9f,53
71ee25b79,48
c832cf426,73
e08032ac1,53
4d0ffe92c,67
757541c30,79
49f972c08,74
679f0dac7,47
a6c8a28d6,67
362fbf850,67
8f01b1034,88
211c90566,75
edad0d3ee,0
654ee7e46,50
5fccfc9b5,19
8c434769b,0
839922a66,53
ab0af1000,11
24aae97eb,73
99c14d554,103
4925bf95f,70
270611007,55
123a13515,67
4abe117e7,94
4b648670f,103
94da0ee7f,102
0c705e746,71
6bd4a7ab4,103
a0b262e40,12
4c4c216fb,73
5e0cdf39d,93
8507d1b5e,78
374c54182,41
cd15074d2,103
587e44cea,73
c2d8b52f0,49
b8bc9b3b2,55
a22110e6d,48
afe1e4f66,45
065817704,10
d1993c898,67
b339d0a61,103
ade6312b1,4
725cc0c4a,73
5c1b0f7ce,4
e7571886a,4
3b9e7a8f5,0
26c144947,102
746f3dd2b,4
e730f38fa,72
f1177451e,64
cb697da69,10
98033c300,28
776fe6e63,80
39e73d88c,87
89c19cf37,67
f6820c410,91
317c8b0f1,4
50f72bf43,4
10c4c8d44,57
1f7554862,13
d814f470b,71
8e5430d77,88
5de25f69a,90
2fc266682,67
eb5ed44cb,64
81cabee91,7
7db72601e,67
8988c222e,71
e32696dd7,41
30e68f7e7,71
47aa985a8,48
68b3481c2,80
71cc05cc3,67
4bf799dba,74
7949b71c3,67
4bd6a1f9a,103
4ac812558,49
75540546f,41
ca1cef6bb,29
fb2b2e956,71
3bccc9014,30
87a93b8d6,11
af5e2bbd4,45
aca9ab734,103
8c6fd0ec8,102
345f66bc8,13
13ae95d53,75
fc8af9bd9,82
c1553af6a,67
fe0e1d7c2,72
3eb77db12,102
df88a9d81,67
6c269a2b9,67
1972bae11,90
ecf4c1f5a,81
b64ae4e8c,81
bb0b0e551,57
ccf2ec80c,67
18d41400e,4
6d984df89,49
207684fb9,0
b0c7165ba,73
af2a02abc,0
894954440,87
8fe181d94,49
71525c500,4
1d88115ad,103
e60d19647,79
00856dfa9,73
613831ee6,4
7a5dfb158,94
b2684281f,103
fe6991e3d,48
ac937c18b,49
a3160e2c1,73
472c84cce,13
6a63a8764,43
720920606,77
4fde9d58f,48
d94097494,80
38f3a40a5,103
58ff9dbee,67
1c4ad0e13,0
7d6a2ef07,103
f0a66df4c,103
b5cc43bfa,102
6c9aa2460,71
2178a407e,53
4b7b43b7a,80
09ebedf6a,49
e3c7bb70c,68
321437b6c,4
42b92a427,63
33096a299,4
303979023,30
ff5892e0a,67
666d25d39,103
27ba808dd,56
3dc7bb76a,46
5a80d4beb,7
3987e3d8c,95
826712f91,103
0cea1df9c,18
5a00bf031,29
1aa8492a8,75
b7af85f6e,103
be2773579,14
c7b1fd88a,60
396d20b5d,71
4383d6782,61
6251c33ea,79
5d3cac88b,75
f6482ab55,53
a5c3359e5,25
dca3a0787,36
eed32e9a6,77
a6e627c10,4
6f84aa228,52
377c89e04,52
903ae9a2b,43
b39cc3832,9
0c548045a,25
5bae6010f,13
d2277f8e6,0
059ea5059,12
f353716f8,77
026d342fe,0
288d4365e,72
fef98a71f,73
548a35991,53
35a08a010,4
653ee9b0b,4
967c6bf80,67
7d2f35248,103
9ba782fba,48
8a48a97f2,76
450d37a38,95
54cd18535,14
5464a7e4b,95
282419eda,80
9a513b251,36
bc8917394,102
f09cc7902,72
7b1267e49,73
878e5d725,53
eda07476f,83
0fa462f68,4
36a261537,9
73f18defc,93
c223fc7dd,52
4dde25dfa,7
e5bc365d0,41
de261e169,4
2d8716e8b,67
8a693ad10,51
3505d54bf,49
f421c6ffc,73
cd053695f,103
f50280136,57
a1cce28af,57
477aa8655,68
0d3269c35,4
3267460df,49
8cc1fc2f6,86
7b566ed00,103
500c28291,62
89f46bec2,103
69e822cce,53
1baa33eaf,80
e611f94be,0
965dfff6a,57
0a73725b6,95
f096291b7,67
132ebe116,0
db8b6aeda,103
3224015a6,67
fbfd9cd87,78
36a638215,40
b3541d83a,80
6b132a6ca,48
9e9f2f914,103
2a872a9ef,16
4078e0b39,67
2772dab8f,67
a6db0754e,13
f80c8bbf5,24
af4873fe3,52
5b1892dfb,14
0e6cad3b3,102
8afe59d10,67
eae09f119,103
5771f876a,49
2ccf28e9f,103
5bcf739c3,80
59265d2fa,67
14453eb64,88
d16d34784,67
943eef63e,42
4948e3ecd,14
f0c153cfd,52
11300f71f,49
9e07d0aad,22
329d815e5,93
1984a614c,81
dbff9bca9,77
fb223c3be,73
f347c4666,72
fd34d7c8b,29
c4970c739,67
e1a0d5f24,96
07f8cc8ca,48
347c449c8,79
9732ad4dc,43
c46b163d8,40
b33fe8ed7,4
e722a8f86,28
13166036e,102
a73af3677,8
1d1f028b2,87
3db6ed179,87
1f3e62b48,21
3f315b0cc,103
84fece524,102
d169dad5d,95
38faa7eb9,46
6afc9ee54,48
f83f81e9c,90
38331a6e7,83
3cbacf373,103
5de6bcf29,50
6cbca5559,41
9ce1a30b6,67
eeeb6b66a,45
74973ce69,7
0d989f57f,72
9824cd034,48
1394e9ef2,103
de882d4e8,4
38b929b8d,16
150643baf,67
9428dd133,45
a16bdddf1,48
e69fde9d7,103
398744450,50
bbc846996,15
e1494fbde,50
1b54ef9a0,0
dbff359cb,75
4dbc5fc3c,13
79686d60a,13
26a59215c,14
cefe64b4f,36
e9564dc47,0
7d9caf815,0
afac3a5b7,49
fa53d140b,74
ba4caa600,49
c07cac3dd,4
216703083,45
768bf1fe7,93
4b4d2a0b9,80
328aba75f,1
f2809517f,102
1fe3921d9,103
46290bd98,13
348bfc268,0
598a1c3d9,68
408b2d234,53
996a4ac53,49
400353bac,48
3c4dd2705,68
bc199fa70,0
3ca2ee97f,91
dde25205a,103
c2fe4e836,50
20e16a0b1,78
9faca65ce,10
7d6edd6f1,91
65d14bd99,4
4f49753d3,73
092187ff7,4
842297200,12
e3efeee68,90
22cef13f0,95
29026b0a6,98
65ad21fda,48
894eeb28d,13
8e1e85931,76
527fe834f,60
20aea9077,79
245d80d97,103
7247cc6b3,68
2b7cf3253,75
d14992eb2,72
7be2867e1,0
1cb8e917f,67
75ef86e19,10
d2a45014c,4
88f6fd6e4,0
171d91683,83
bed5e7833,36
2c009b580,45
6581fb5fb,103
6009ca42c,4
c0fb3bed8,102
54c0482ce,57
94e8795c1,47
c36c6ab5a,67
648d6e1c9,49
35dbda91b,49
ae6e725ee,79
58ede4d43,52
9d8d14332,80
31fd82f08,103
ce17d08ea,77
486ddc6d6,75
22adafc7d,53
8daf31854,45
cc055150c,73
69dcb9a3b,14
587e9b784,53
73d138dbe,28
ad85435d5,67
5ba637a6f,73
65d4e9994,90
c5f4134e0,102
3b59b7879,76
2c4213574,24
3a29db605,29
14be34092,99
61f976a63,77
9d624affc,103
8816f311a,83
f61465618,79
0509887de,29
111223138,95
15a4485d5,4
54f09b0b4,13
b651d313e,96
e41a75354,70
6ab2a7198,80
8cf5bf4df,77
0510cce3f,103
d83b8cc1f,67
27391414f,103
36be47274,64
c0654d4f5,69
faa0dd647,76
8b8836103,45
003882deb,13
7b38f9919,48
3469925a7,0
6fe85feee,53
0315a723c,53
04f9e9721,49
1b4beb2ee,102
55b323b0c,4
3b3341edb,22
eb09ff6cb,7
861f2c9c1,67
9e4d41ad4,67
95f9e2bd3,13
462e25ba9,67
db65aac8a,10
abf7ceca6,4
e8746af68,49
7a8a88b42,4
4b8fe9f3f,72
1e73b74aa,103
6f03f9497,45
b4a235b93,13
3d7e6922e,26
4dfdf7a8c,98
483a8e2d8,74
da2d31c98,4
e94327a54,95
50fcaf0ed,103
f80b1c8c1,75
fae67c6fb,24
1b3705cfe,4
a8b29edd7,81
8f9a206cd,74
d1eebfd7a,0
fb41fa092,22
317b22963,90
be3873f5d,4
ef65f22fb,102
e3beb7e77,14
0f25f79f8,67
57a2e8995,48
b137658ab,4
15ec03f5e,102
7eaff7aff,102
c8f0b4717,77
bcbb5c787,4
d43d8c9d8,50
5d06b5c76,41
e72d6bcc9,67
98fae1d61,52
b3b55322c,73
7927ce9c6,90
2f460d807,0
088864629,14
473db5fc1,102
4a5d43a96,49
aeaf5ccbb,86
2cf137648,86
e1d159561,93
8b15247f7,49
8b11c130a,49
692cfa850,50
9942a5424,67
2b8f0ac5d,0
c162978be,13
850acae7e,4
0d8d7ecde,49
92cf0e905,76
bbf51ba25,49
cbe14bd98,53
4fd8099de,80
0087eeefc,89
00c12e4ff,49
0d7c08885,10
eda9f61b8,103
7b151e3d1,73
5e0da2b1f,67
a67c5bc5b,53
eee191638,95
d8076fc39,0
ec40512de,12
9b9e080c5,102
ed55919e7,88
ba32fd161,75
1eb8876a9,78
fba0bb7e1,52
706729fd6,71
c1ed4ef6e,0
b04f7be54,93
f3a75828c,25
15ca2c59d,81
25faa6813,71
4c742de40,67
57ca642dd,102
824eae734,70
e8993867e,49
53c6c23b1,67
ba757db32,73
600f01e91,81
5ce48d24d,76
5078ff4b8,102
11b363237,46
bd612f053,4
ed601a04f,13
da9ed562f,103
ed91bd814,48
649dd8ff0,49
e210dc4ed,103
1f937e111,90
07aad3ba6,41
f5c310736,0
d3ba42b8a,4
813efb8b3,83
4cf202ebb,53
0e3f76f4b,53
03e5f5846,53
bcde05c42,73
161acbde6,4
707178bf0,86
a68584f39,103
329793680,75
7a6ba7fc8,68
808071b96,71
f56efef52,46
7dcf1e590,4
0bb9c3f30,88
6e7b8fa3b,81
72b64a25f,43
c8c88493b,93
a991b14c8,75
28dd39f92,49
f3ee3f7ef,93
ddd367d19,4
f029a3429,48
d123bd691,36
298cf5bb5,48
fbfd88b1c,49
5b646246a,43
cb26ab8e1,95
43975ba66,67
0d9e342f6,43
a66f7bbc6,4
ae78a372a,48
5c8d0266e,95
0b8824c7a,24
e82bb0f6b,57
d0cc62751,46
02c52b451,4
f36c00407,67
be06b31f4,53
a40c5b66d,4
dc0f9b59d,49
2449b5518,73
fe75697b0,4
c1c26f4ec,62
d69c942d9,11
08b4c02fe,67
f7ad645eb,67
7223d356c,73
240e151af,67
5228fb3fa,88
f7034380f,70
d5c5cde4d,93
d5888b919,4
d51f2e142,45
68cd38577,74
0bc95b595,4
9caf3507d,46
61b1040d7,47
a7eb19305,73
f557afe91,80
092be0405,102
b65acd50b,14
a8b46288f,5
7ae791f04,88
eaa6a3f7f,103
7eba030d5,74
f6ec8db9e,4
931cd1858,53
26d1c3498,8
abcdf9705,73
86c0fdb4c,90
1fa3035ed,79
7b7cce651,48
a2d9d460e,43
20563ebbc,67
840f3bd46,74
98077910f,91
5e5acfa07,48
6233d3e01,76
6550b53ba,43
1ca8e07c2,50
27e7900b8,67
3288217e1,87
33d008671,81
8b5155f07,48
d1b0f75fc,96
c298d16b3,41
973172c57,102
35aa8898b,67
029c37998,22
9c1fca4fe,0
0d0b4631c,73
23620cfdf,75
fd7cd952e,69
55a2149cb,4
d9bc877f9,103
22cecb30b,4
a167a159e,47
37a4efb7a,53
9ec91d6b5,4
7796dda43,55
50f97c747,102
6a29fea52,73
d55497abb,53
f40dffb83,65
805e9a7b0,4
0a825b67a,49
8c7c3dbb2,67
1446df348,75
075602d66,67
6e7629a9b,43
bf4c39972,55
3510270ee,73
789f0394a,103
2d1ee50cd,68
e8636b839,49
a6e295583,78
b8e1080ce,67
e4cac2e07,67
f98f94bac,51
edc3e9332,4
e1e5687f0,4
cac4474ff,24
9de211ea5,9
4ed9720ea,53
fb61eca01,90
5235c6c53,54
4a14dd513,67
ac79edae6,23
d19fb376e,82
d4bfe24fb,48
cb8786391,67
516ef6822,103
77f19a3b9,19
dc5ba9ff5,19
1beb08caf,67
74c97189e,67
f509e2cff,0
30d9b6204,49
0b1605a22,47
3127f8637,67
e67454090,49
9c73592f0,13
04e0d362e,49
a05c1a9e2,10
5e56f69f6,72
8ef339ee7,14
4d0d04ec2,4
b909de36d,77
a9a93e3a0,24
eb0d37eab,13
a1e81894c,67
6baede1f3,83
9d051fef4,50
cb4330abd,78
a853842c0,57
345b6fc68,72
32c22cba6,47
29a02c757,63
ef68e319a,4
a6ec0a798,53
adad9bef9,49
4249b8e73,49
688759258,67
bcd77e220,5
8d729fb61,28
3f39dac7f,1
98320c076,39
6f50f7647,73
582a4afd0,47
2acaabdf6,4
582dd5eb1,73
20079ffd6,4
2ae7f866e,53
9aea1d3b4,13
bc45792c0,103
4aea86d3c,27
f01658320,4
9390e29ac,47
275952360,73
0835292c7,0
fb745f800,53
69930f05d,53
268c2e415,95
dfd66382a,75
5f8f53f23,73
d0bd30dd2,50
3655fe917,73
7fc99345f,98
c8349d602,49
2ae85b034,53
0dac4246a,4
dda771b4a,11
6d8ba2cf9,55
7a2a38d8f,28
478fd662e,13
2f57d711b,4
16e29883d,4
97beecd94,70
bc62cedd8,14
39090147b,88
6dbf25622,52
8a904fdea,71
aff590876,47
05bd91dd4,103
c82045295,12
2ad779d27,0
958e9761b,48
9fe8be4ac,75
2a9af9154,32
343f4db58,67
27178e6d0,86
a5eab308b,0
192bbbbda,27
5b9059868,59
b796fe951,49
39c56af7c,62
30bfe5b05,67
8eff39ec2,4
c8ff3649a,77
d3ccdf536,14
416b038b2,67
e3b9acc43,41
eed18198c,21
b80ea5db7,47
7db7456c8,8
d3ad608e8,41
7c3e5c00d,75
0847f61d9,10
a114ff305,19
cd009e1a0,0
52178db26,102
a6105941f,79
3231b476a,0
f68529efb,75
487fc089f,87
4e43a75b1,0
d702d0c15,41
3a01c3e88,50
5f22d82a2,58
cca529347,75
006afe0ef,91
92d447000,49
645e0448d,4
609230590,47
c38884c9c,22
f85f090f3,101
f2a97a3bf,67
35faa30eb,88
2e211accd,67
74cb419cb,41
88f935ebe,73
ea72034f5,53
19b1f6ed1,82
a9f3ec5aa,53
0208143a9,75
a235500d0,79
93efa8927,67
06846ff3d,67
5e5672257,103
d57064ac3,71
2afecec3c,46
437e2a9cf,102
1344e985d,83
ca875ed6d,4
15bcf0bc5,79
d5e4303b9,7
89085d10b,7
c86b6ee78,103
1559449c3,102
868f3ca31,52
7d825a631,102
012f05d4c,67
a425fc6a7,48
a02dbf1a3,21
9fab84e7c,103
9d65f5961,29
297d94118,71
1914b6245,67
027ff9d9e,45
74c86dc94,67
54eb01070,92
165ca8a81,59
3a456593e,52
4f02105f5,103
5ccc5c940,103
ca2cc5375,75
b70a1ef51,67
6fd250f15,103
bce769fa0,13
ae3a8a68d,13
db4a05f64,53
ec15f805f,71
cb05fa534,68
1161f79f4,13
6d00d0707,76
aa6a116bf,98
1eb6f22d5,48
467a87b6e,67
8735b4ed7,49
352d983b1,5
b9a6f2dab,50
5fed86a73,103
e6c7eecab,4
4fe780b27,0
7b63ffb33,49
d01f39daf,0
9db76cdc8,80
6f6009530,28
39a628cff,49
27c74d8a8,71
661e5ee1c,10
0de5f6578,43
154f5a75b,75
e15365337,95
8d4ecada4,79
fee2ad37f,67
26b07058c,102
15442a507,5
4b69e4daa,53
7ea4fd1e7,44
a546be8e9,4
c67210c70,103
6e0843d38,13
8c026ccfa,80
1ef078208,49
675aad8ff,13
87ad47626,73
5aeca7ba2,72
52491f753,103
6d75535dd,11
946f97527,13
ab473d0fb,11
f563b8f1b,52
02821f581,95
5bdd76ad6,0
7ce82e1a4,73
22207b7e5,75
47e7d602c,68
23f960bbc,10
b45b3f474,62
aa063d915,67
f66e3a446,30
e2ef28251,67
c511b01f1,73
cdcb45570,73
1ac744f9f,48
3b6e2c5c2,51
dce29c03a,4
a645ada8e,103
a81b149d6,49
93e1b1b57,73
4b4223c92,49
2a5d624ae,67
c25141a41,50
539e41e9d,67
6ea1e9ac0,53
75bb87271,95
58df72bc0,13
e8a5b6337,47
d2dc27a1c,57
7b38952f6,72
b41fe0aae,50
8fc8e6925,93
39902d722,102
485e088fd,49
29d710a29,57
be2c310d5,93
27753debd,4
8b4182aa1,67
9ca5d93d0,4
92d56d30f,30
abaee2413,78
c6baa2b95,55
c359190d8,56
90db97153,103
c16dd6692,43
12fdb3200,49
40c67cca4,47
aec05dfaf,67
c571990d4,16
1153cf999,103
77628c813,67
1770a3955,39
e00cdee28,53
8e96d5481,85
71d39517b,59
ddb84d9ab,46
0e5ddc603,75
b466a17e8,16
789e0279f,24
0a5f90dd1,103
c36b30d62,49
f1b51e257,14
0f58c281a,53
f8d2fe6e2,10
76c56dda7,103
cb1fa5404,49
e87c94e9b,41
52592a2ab,14
5a5fbb94d,67
2ce2f09d3,4
2c3a35bfd,67
4c4a8848a,8
79245d0e9,45
828abe04c,13
25b587ccf,4
41eb38ad4,59
a8c934e35,4
929ac8834,49
48b580700,67
b5ac11272,88
149d11de6,53
505515f6b,102
94c53b0c3,45
4e3b3b3cd,75
18e22af9d,98
a6672b875,39
7cac453ad,71
ae5333fa6,70
76ad6cdd7,93
d18ee118e,94
4e8b618c7,49
339153138,53
c39bb3b9f,47
baf415f07,77
b1fd7a2a2,62
5bd9a3483,60
138275e36,71
9fe3b171a,80
8ca2371d5,4
a3fdd2210,50
334118e8f,0
140c059f2,102
a2d7f197c,0
c624f43f9,14
79c44e828,103
a9a679316,45
2b71757d7,36
b507ebc7c,73
8f029f975,18
a007c4ce7,36
0fd1b5059,67
92025e489,80
6a22f0ccf,76
0a399baa5,4
c8b1673ca,67
6326ba8d9,72
8e70982a4,93
5eb156e33,103
d6fba1863,102
c77c99cfa,49
da0416b3b,13
742ca771a,71
edc4d0f73,80
40daf3243,13
6aa4095a3,59
14024c433,71
3088361cd,53
9360afb8b,67
9b8caede3,67
42dc18525,7
7c2f23622,60
d007caae7,91
79a025018,50
16c7a397f,48
ce2335977,85
b9fb3d0cb,82
bc2795b7c,48
d77fa0d2f,8
27c66fcb0,102
3e7922328,9
6201345ad,53
0fdb2e372,67
1749a6a95,47
1e91a06c4,53
564305f6f,67
43ccfd5e2,67
bfcedb4e7,59
657a2302f,67
67e65b379,72
e958b63e2,65
d2ce72fe0,71
8b85ecabc,73
500ac8bc6,12
75d3452c1,98
b382fd54c,71
bbce1172c,67
b4f324422,4
b448720a0,67
dd7f0f72d,83
ae2864464,95
c337a455d,4
8a361b630,80
1d1b18d38,68
046b83571,4
29040ce6b,67
f8eb6ec7c,79
dbe5bf31d,19
9db94c1aa,88
bfda38c44,48
3b8fc5371,53
b30c2d7fb,67
100c6474a,43
2e36d4f93,49
cf087fd47,4
e0f242a92,29
350c32674,60
084527620,67
51f6d891d,0
474219bf8,4
4e3f96c83,4
d39e4ad87,103
423c62bbd,93
14d3647ae,73
4d41db87f,14
4244d98b7,4
24261e7f3,69
e9294bac5,49
83a004123,4
0f340c3cf,79
3ba519bb8,103
e9a190503,72
b7ff1634e,49
e178e1fbb,67
6c7e15c23,47
bfb86b915,88
2212d47f2,62
9f447b11f,4
6d2e2b6a2,98
2c73bd62a,4
2bf69c9a8,93
e7bda0661,88
7bba13923,75
2d6826d81,67
c63f5d38c,95
ce7f9e0a0,8
2406dc526,81
c2a78ef27,48
5a4014213,45
504495975,49
43b2ec735,67
d503d72f3,71
4181451b5,40
657d7b6d3,75
2bc5a1d42,67
4091cbb29,0
5857637b3,81
212497b97,93
791899b46,68
0c4cc8319,13
61d566521,14
ba9e2d304,52
d01d8d2fd,88
832bbc430,4
e1f45be9f,14
6c80cfb8c,67
ab54ef65b,7
347f41bd1,4
6c52831b1,67
0bd70c4ae,94
a11918aa3,53
0608f2ec0,0
978697ad4,13
1d0cc3798,83
6841f21d2,75
d4afbe85d,13
e4e16eb70,103
b4eb26098,47
a1d2cd9b9,73
501396f2e,48
bce37c882,13
aab3a2289,28
925f36b79,67
d493e1205,67
c081f5b7f,45
f6f0e3d49,53
92c92500a,93
a7ab2ef02,53
c9e727ec7,18
9333ee3f5,42
ec53bc088,86
fe6889fe9,71
967133383,61
23b33fd15,103
f2defaf74,49
79bf0f076,19
9c477d377,75
557117401,73
0787857e3,60
4f855f8ce,90
3aff0dc0d,4
ba763e4ad,102
007455d6a,11
2e478a3cb,73
fc4e90060,102
42105b5fb,53
999be9923,53
e71ef6701,4
54454ed83,43
aeb2bab6c,87
23e9b2025,49
1c8c53577,0
976379adf,4
3daf5597b,83
f49141ac9,49
53cf1033d,4
d08fafe17,76
2367b5056,53
acd61abf2,77
b5fd14fbf,74
4ce9bc001,45
3f36a62d5,98
bcb73b724,30
035d2bcd9,103
1aebb60d1,1
9eea9316b,67
b687e4bd9,88
0210ba20b,46
93f493575,48
ca53ebc3c,67
0e1fdb95a,13
a7f1fb92f,67
ef26ad662,12
cf192fc6a,48
9b3779536,80
528c13be5,75
a8bf527dd,6
2c9dc020d,81
24032b382,90
5eab13f01,53
c3ecbced7,60
7c1a6e1f0,72
fd5eb7e8c,0
5ff71b40e,49
719aed16d,78
87fde6edd,22
a7088bd2f,73
0dffe81ea,50
761340c6d,73
e8c36457a,87
1157fe26d,72
74eb03c19,43
3db5a2d90,48
b7ecbd370,4
eaddf667a,0
4ae7d6827,78
3bfb94587,29
7775f87f5,72
2c670a497,67
f458034d1,50
8924dae8a,53
bda7820cb,49
cd4179139,4
5e2692d15,6
5ec4acbb4,75
1c5a3287d,73
c7827133b,52
4a506053f,103
d98cbb36f,95
da76579e7,78
d9af9a571,48
7d1794961,47
ddbf2eac2,73
ab8add1c1,77
98b1475af,49
973cdaffe,5
16e7f18d3,79
ca8726968,103
d375ebc76,49
c7ab8e645,53
d98e07837,72
db9c84b18,103
b390e248d,93
f938b8711,103
85aeffc62,4
96112131f,48
fdf659ef5,75
950a866ca,4
cbbe148a1,93
7d7b3950b,103
3526d7815,75
cfe74bfdf,68
34baaa6cb,101
bcd08a7dc,85
79cde037e,4
1fb27e305,73
da3a23d4c,49
93e296cef,35
cebf5375e,74
bf16e0cb8,49
c3d03598b,24
40d992dc1,48
a939e29d9,103
3f36f3f32,0
29d87bc0c,5
ac114952e,71
6433f1917,67
49f2ca2d6,13
509741eb1,67
a5ae66568,14
5d426c1bf,48
53cd52d9a,4
dcab7fc67,95
a11b09e07,0
fc354c0c0,86
85c997028,76
155727e57,73
3bef19347,102
df16e4771,11
b41a52def,14
605131c3a,45
455c7b67d,57
34438649b,102
a77db045e,67
67810173a,67
49add67af,80
a025436a1,67
867374cad,73
0c288213f,0
70e87c482,91
35372e4f4,55
557900fde,103
aaf781d34,1
99b3a15e5,49
a078d515d,19
8303a6784,102
82dd63dbb,103
d8ca58a4c,36
3feba0f46,68
4f756f230,103
f1b4ba5bf,53
8a18b9699,39
91fae734e,103
c357e5a70,58
ade9181a5,26
ec53f72bb,81
d96704410,90
e33d3b318,36
0bc02eae2,18
a1f8b0936,53
2c8530a58,70
1e2c7b899,5
f314ed416,4
2a98afbbb,67
c12330d34,73
ff02d53d8,30
829bcc49e,102
b764d3dd7,29
7560dda12,49
127e61a47,49
3ed70f179,71
2994ca253,71
19e44b02f,81
3acfb71f1,67
30964e186,4
56737d31f,67
e27e698bf,4
d8a5ce5ff,48
50fe6ebcd,86
5b69d3121,73
9ae160f11,91
8b2940362,67
a810efddc,58
9dbd813fd,0
2b403205a,48
156c0950f,72
b96a82543,81
82a14f17f,7
3c3316506,13
523dfab06,103
80b87cc06,49
4612e397b,4
ec51d8607,103
3c401022c,73
08a7d77fa,98
c323bee87,28
ea602cdc8,14
7d5a95675,73
16810b3aa,16
f4fee0e27,71
441472ae6,47
6eeec13c3,95
393b7dc05,48
8559d49e6,87
87827d39e,57
d8d29bcf8,103
64327e651,46
a7b95dad7,103
3b2fe5739,25
6d7b4a632,48
d445b47b7,78
c18fddc3d,48
92782ef45,102
6143c21f2,73
e6171fa85,47
8eb564814,70
1ba32dd82,50
5e45c97c9,93
cde20b1b5,4
9aa2210df,46
ba9fa9f30,49
f2a6cb1f9,97
1a4dc4b2f,103
77d850f7e,27
c16bd5262,73
543a799bf,59
a97f64861,16
ee705e49b,52
9944acf36,0
d34ac237a,50
155c1e966,69
ce934c0dc,67
49f7cdb45,53
fc3f3fa1f,28
2f5064517,77
b1adced44,67
dd4899180,103
b82a2a3d4,48
771b14071,4
1b474b251,81
600da56b9,12
bfa9dec26,0
0ac5ebf0e,88
7bed881d2,103
3f7fa081c,74
3ca06eba6,53
37fdec841,49
53f3609ad,4
c11e44cde,16
04cbe7a50,50
e9c5f7cd1,48
35e005ed6,4
07be81d64,67
5a33a8adb,85
e96d15acd,73
2bec0d2ea,103
532e6c637,53
e46dce22e,21
fc4486b5e,103
c9dcff9ef,103
45a702ee8,62
df4ae0415,67
bc83dd474,34
f247862ee,10
278e2fa12,16
df38bb8b2,28
38f6562a3,67
79522023e,40
b6bc88c1f,58
6f9686457,53
19bcd7864,67
ada0d1354,59
b2d3bbf61,68
f7457839f,102
4500b8a44,75
657a4ea19,46
92a289926,102
8253629c8,49
5134a2245,103
f9b3f2991,103
49f864fe9,79
b56ccfec7,48
04da4955d,75
8b423a167,56
c58d1fe16,72
9409f8d69,88
eda0c70e5,71
9154cfc20,103
8098272f9,103
1a2ba059a,11
8899c2050,4
8a428ab24,57
78bd1cad3,0
d8136729e,80
5ab25460a,14
5954098e3,81
702b7fc70,94
577793268,88
01f76a519,18
d3f044336,49
b3411ee1d,49
67873d67d,93
586868059,78
f552eaaed,83
49f98b25a,79
45093c3fd,74
98de1be5f,4
23ee9f44b,74
cc98ccc8d,4
d779dbe77,0
f3c88b910,74
8261e8f5b,67
bada5fd0d,73
e9178e294,75
4af75b596,67
8cb48a7e4,67
6ebdc31d7,46
117122b38,77
96b039170,21
83c2057bc,39
a155b0167,67
a781c6147,73
5629fc992,73
266776fdd,53
92aea1584,58
a6ff6f81a,52
8c0995d82,7
e2e8f7c06,80
f4f248df9,48
516a450b7,56
36c06efe6,0
7e58b251b,8
4de9ab35b,30
e1f2ff623,4
8d9185540,102
2a18f7ed4,94
ff5fdbd84,14
1886b234a,4
7f9351c2d,49
89e7620ff,48
d81c315b3,48
d0989eec5,67
401730197,4
cb3bdf3e7,17
86935b0d7,102
536842c4b,67
e8a6ceac5,75
2f8b40852,102
12eb5dc94,4
1aacc5bb7,48
70c95a76c,67
0950aa4c0,0
330cc9d05,24
53fb48abe,102
4ddf168de,73
3a49d5a25,4
3dd3823ba,14
af6ccfeca,91
7046567c4,77
8ab8cb727,12
137107106,75
f93b17627,103
187ba6ef0,103
925de0d45,4
ed7123e07,102
a3535e355,53
2d17418c3,68
c1d072b0f,83
b59846a6c,4
a42065058,4
d31117d38,67
25a24e8b6,4
4434ef42e,73
517ed388b,67
f94013d99,80
31750199b,67
8fa0abb21,49
5233ee8fe,45
8f4a554f2,4
fe1615399,86
db735ff57,18
bd1b3d191,91
37885d3c0,13
d9e1e54c4,4
500cf0ed3,4
fab4eca91,71
5c5a534e3,29
1474acef0,73
e64bd2b5f,48
8e07336d7,47
9881c6363,48
1f21ecd18,4
cc599caf1,4
5d17abe47,14
67a25ece3,93
b80695478,0
b26f33224,4
0862d460f,67
0dd4bac89,103
531165006,103
a7bb097c3,67
909b6223b,8
2623d36fe,67
2080c5234,71
8967f7f3b,10
53cc94634,42
641ae8aa0,4
58dbde095,24
a8e11ba37,67
0905820a2,96
b187b258b,36
c90a12d27,7
213cea039,76
61e87e199,73
b78fc427d,67
f73a6bda6,83
522ea009b,75
725611911,40
d0ee253f0,67
f4db33d12,48
fe195b05f,0
656c8e1a0,67
2313d0e1c,45
2ee9ba725,93
ba9e184b1,67
b5fdbbd19,81
d8f9c9f6f,49
1e71b66ad,58
381bc1702,102
1a751ac8b,95
38235ae21,48
27aa48f60,49
c3bf03c46,73
0e1199571,4
906ed5d8d,10
39f2c9f4a,47
21a0ef857,24
600693e8f,71
bdccd8d94,53
ab254cf0a,73
8701aa4ff,4
74a2503cd,67
007258826,49
d376c4365,55
e20191edf,24
266ae8451,67
8da1e9ab2,73
8d4598be0,48
7db900a9f,90
a8d7d90ae,67
5d4d774bb,49
f6f80e6cd,90
cb80e17f2,55
18b1c8787,71
7bfaa6c93,73
ddaef039b,79
d45c77b42,47
60372c4bb,4
ece8721cd,53
4bc167a81,4
0501292e5,102
e71ab3905,47
9167143fd,46
544ba8771,4
51d6b9846,102
812b38844,103
8b4b27e9e,48
0d5832dd0,46
9367b53dc,50
7af25ae57,102
ba2d603c3,45
7d540187a,67
f1e56842d,98
6d822303c,14
61e0f377c,67
988f93442,30
114c7355e,0
491331146,48
bd4976820,4
209e45144,49
8c0e403af,103
8226b3a56,0
dcf4672c6,67
696a13525,53
471609fe8,53
a9eaae137,67
46ef787fb,72
1d24f052a,50
1eabd5622,9
01863f6d7,49
69c63b4fd,75
7cb07f8df,79
29a77c458,13
263d09ca7,53
8e59ed760,103
8e6591362,73
da0fc52e5,73
139b1d751,53
ae2b1bed4,50
232ad11f4,72
086d87731,48
c548502c7,49
ccc54a4f5,53
a670f0c43,47
fbae2fb1a,49
17f8af701,68
ff264d2db,53
5acae87e6,0
ab5f64570,4
bd0d92568,72
ce028c60d,46
a0d752238,50
3758eaf1d,21
b0b2364f5,4
56bb538b2,1
16f9971d1,48
261838dd1,50
4415b68f2,0
ee83eaa8f,84
7e517b238,22
230302d1d,83
fb87ee5a3,46
8dbbf9d19,103
7fccc20cd,103
bf4bc1677,42
fe2c0a711,34
c5fdb2459,13
d70fac2cf,77
9fe09edeb,93
8ce0043be,11
1837b91e3,87
8fc000b1f,73
67fa9ad3f,13
ce434f86b,67
7eb7812ba,4
4d05e9395,90
530bde853,73
4d4c87a41,79
3af4c8105,103
6d233727e,11
cd88f6d4a,13
c18a20c3d,64
c1c3919f0,13
315a148f3,0
f83823a7e,57
3ebeb5ac6,36
48fb56f39,49
6cf44ae8e,94
f8bffd3d7,102
b2662c86e,45
afcddfdcd,4
7683668d8,33
563c9008d,50
1fea6253b,74
4a9f824f6,4
c3432750a,13
00d32bef1,4
4a41ae5e8,83
359c8a8bf,50
3070b77cf,55
f16b7e08b,9
e3d055215,24
bd1dbe4ca,53
f8db20c1f,73
d0a99b293,14
ddc1eacff,0
c6cd3ac47,75
6896dbe36,83
0fedbbf5f,4
0fc65150e,73
bfd311430,75
b1066d5b5,65
7e8b191e8,68
e964c6dcd,21
288772300,49
28f52a866,29
f3e1244ca,40
1fb364cd2,47
48b37a43a,67
aa4f36f71,77
5e287a0e3,103
83bb94c90,52
136b3c7b2,57
5153e1522,13
151b27a24,67
48b84677d,67
8e55f2268,77
a324dcaed,82
14e124c03,4
e69beeff1,49
8fbcbbcb5,91
d0f992c31,45
a4841f6e7,0
d8c46cf4b,94
1336ca52d,103
54296cd42,88
c980fa8a5,67
015a601e3,19
f2aefc6cf,93
66d3a82e2,103
4479d35f0,73
0fea673a3,52
9f4b942ff,13
f8da03f7a,75
79c1a3d97,73
2309219de,79
dc53769ad,95
151e1bb21,49
0e3a60b3f,48
565242c3b,58
99776d4df,54
ee41c42cc,68
9eaf1170e,0
4cf4ac658,71
eb7854187,103
15ef197c6,98
3a1396fa3,55
41a1ca700,79
146fc86a4,47
035e7fa21,14
5eb9825ce,93
d08be28c6,62
30e522542,47
d7e737749,55
bca2de14e,68
eea95e8a8,103
661307d74,102
551f3af3f,86
f302f29a2,83
3a9ac1cd1,49
39e40cdd6,4
5c6e09f5b,13
8ecdad441,91
4374d5272,77
fec3fbd0f,4
4f21ae7b6,49
8eb64dc4d,50
c0e30a258,62
4b6dff5e4,67
dc9af495b,13
bba2d82cc,77
20cbfadeb,49
35311eba4,91
a673ada99,53
78a91fc04,93
9f5dfd81d,98
ce136eb7d,0
c17b6ab8f,67
fc85dadd3,7
92ec435fc,103
60d83cd0c,11
4e99c537e,103
afa3fc6ce,10
6473786a6,103
34589c202,21
185f4651e,79
02eea69ff,53
c3bcd37c1,92
a8ba067d1,77
6aefb94a6,94
d852da76f,102
6016dd857,67
857250508,50
27dc84ff6,103
3856fdbd7,0
d28273036,74
a249400b4,4
0bc95f66e,72
f0de6586c,67
6d8432929,49
9b40a0513,45
032ca1556,4
909ea73fd,95
8c5ae49a8,103
8fa8ee1c5,21
99263d818,50
9b7ad01b5,48
6896b5c5a,103
372ad684a,21
f3300dab1,103
186a8ff9c,4
a31e545e0,4
1989da31f,4
dede702d8,22
e240c69a0,102
b6ef5389e,75
df3b6edcf,51
32bd3826f,56
a7c42fdb2,49
343bdb4b8,76
d39b5658a,4
efe50806b,67
922e45d33,67
b6203cd3a,4
d0b1e24e9,102
8d4c9f88e,18
e78504c82,48
5cc2f95e9,90
957f42d35,103
79ec6e32a,37
459ef45ac,52
4149127b2,86
9f392cb03,75
1bff5085b,67
92c7c2838,7
51507f7ff,50
546744090,49
9d77e8b46,74
3070a069b,41
143e26686,6
8260f8641,87
c67858398,14
132212f11,75
f534d4ae1,76
9dfcbdf18,49
ae804f35b,75
e25ca1054,4
63a4aed70,50
539a14033,13
8f7809cb4,74
d32d6ccd9,75
0416248e8,103
370c2501b,0
57fb229ad,75
e6c3f8ec8,73
fd33b68d1,4
dfb7f1e61,25
182c9e6ef,73
19f37512d,0
e4ba02634,103
6fbdee8bb,75
79335a465,103
ed0be72ef,10
8a81276fa,14
380c9c318,32
a29efa0f2,53
47134493d,57
2a0a14e04,49
ac1156cb1,88
8872018f5,21
fc4e189da,4
22bca0aa8,47
b034c82ce,80
5d58d5dfe,103
59d5309a8,80
187b49cc5,102
638d987cd,62
3e629f05f,72
5b15fd082,10
0d97ef626,67
63bcdd5bd,67
82c248395,48
7dab12862,73
bad7b9ba0,49
89bce4769,29
7f8e636bd,60
43a84d203,18
d539aadae,29
e635de77c,67
b2982bed5,103
5fdf59f6f,30
8a4dedc87,69
6f40daa0e,49
c128b1e28,29
4646117ab,12
f38fe4cef,103
8212b672a,13
9f2d4991f,53
a893581c4,9
fac7af031,95
d982b80ea,0
bf711d50c,56
64581ef78,102
ad153ca7d,67
4bbb6638f,29
7864cabe3,4
2198f8dae,64
9f80990ad,103
4c184156f,102
fee53d77a,95
83302ca82,74
acc377b86,41
b8741ea9b,10
b9bae6b0e,34
9c0cad204,53
b134d8c5d,4
5398f55f4,73
db49060ae,4
a8de792e9,4
7182235fe,67
a08ff3c7d,39
03a46c116,49
6a6ad6ad3,73
e87044bc2,12
80c9bb328,103
82fdce8f2,12
6a3e093a7,24
523ec62fa,13
9b442480c,45
f1deb3cc1,102
501e378f3,75
fb02c411b,83
65bd3368a,73
5aab08428,67
4e4504ced,94
6fb943b8a,103
be953b60e,14
8ccadcb08,4
fe843e592,67
75753e7b1,73
da00cc5f6,67
189976301,67
03333ea62,62
0555a95db,4
050bb1262,73
aa8eef48e,45
ccb9b5cc7,12
073a72a81,21
bf85f6b58,0
07184caac,102
42ed99f8b,67
c61f34131,102
f50873a8c,10
5453d7402,4
e44ef0f10,49
3433a69c3,0
9b28c9ce7,74
f84be6387,4
0b3c9e1a9,14
1d03ab65a,103
e66879b66,13
1329c5b4a,75
2b08a162a,102
bac490985,67
502aa0fed,103
694b396d4,0
70501f63a,49
c95269a6c,48
960fe3fd2,48
c5b5ecb0d,48
5e4a5b406,28
a39a47b84,0
2d0832480,4
792982c6c,67
ec68ef123,48
431a635c0,62
4bb5dba59,0
218ffc7c9,13
d49030919,67
d6e9bc323,67
06bfec1b7,4
c987ff810,4
351f462dc,73
e43587721,49
1162b2c5f,95
762c5e25b,75
a575e3bf7,73
1d808a2d1,67
7d107974a,50
4ff518045,67
0faa6c65f,50
64027156d,67
1432b2d26,103
e6f327757,73
20dbff58b,77
8404dd232,30
b2a96e09a,13
01ce7d2df,12
3863b7205,49
053198ea7,67
a134c5401,103
2b9959134,83
fb60964fd,95
aba2f346f,25
e68f95550,67
db53bafc8,56
59372c831,103
4719dfcaa,75
d0e47da08,102
23f7b7a7a,102
2f230552c,67
733de405f,4
9e7060f60,77
37525f380,13
abb6d81d5,77
5a330e7b3,87
f6610b1d4,53
0698ae8e2,94
23f8fc3d9,48
5a3dafc67,75
6b7f80246,36
77b8cd935,70
f60ba81cc,50
47f7f9a06,87
bed3cd944,74
459adb9c4,72
7ad932a97,83
884593f79,53
632b5d37e,67
304631d59,53
c9d5ec522,103
5622bbc0c,48
c84ce54d5,102
72589c9b2,14
05c992976,14
532eacbec,95
7e61b7ed2,4
2ddbb0f83,80
7d58bbc35,50
97b161e96,67
2cf6e6419,87
45a36938c,50
341538182,12
383e2e03e,14
230b4a95d,43
61fab76c9,4
d974a8a25,69
009216487,48
4641d6c81,28
35b896087,67
ae016f27f,49
5ed06cc85,13
743a39958,49
0993a96fb,45
04fdbddd7,73
452ec84b6,11
ee23e898a,103
b6a36c182,67
2f75192e2,103
ad77c781f,53
2b1ceb24c,96
bda439192,88
410641125,77
346d6fc1c,75
c43ae531d,103
0bb20e5d8,53
926ed805c,7
ac3ed3cb8,67
88735317f,46
72d1bf434,34
a7bff7fab,67
6e7b662f3,102
a5d301249,74
1e26604ea,21
4fb19aefd,50
110f7428e,49
3da1159fc,103
4ba73aa49,4
e69a97f86,47
2669b2dde,75
7f5d5cb8f,48
df76ddfcc,94
20b4cff1d,83
8a5e6e01a,7
57a59f1ae,103
c3222a379,59
729ac5e06,4
3406f987f,54
3294a097e,103
04bc5ff61,93
8b0aa3f7a,71
05ef686b7,102
567e64f51,65
85312fab3,14
985c8a491,67
11bc7f078,48
3ad3208cd,95
059ee98dd,73
a12ca9636,90
b7ad7d574,67
155fda1aa,0
498c0b419,73
08c71ca8f,52
56c86b9c0,4
d23336d37,79
dd102e397,103
c425cd871,59
be1b79939,4
e43b134a9,59
e696c6605,13
1dbaa5744,4
46d095eda,4
d5b91872e,68
34f820893,73
2e78d7d23,24
439c8664a,80
26d9a1072,10
78b988645,72
5a11b89db,73
e69ddc9c5,56
dd88fcaa1,53
4bd5d4982,52
85f3749ca,4
618ad631e,14
270665eaa,67
2f1f2d1d0,67
90a369187,0
c964a7aa9,49
9c1ca344c,80
abf65b6e6,90
5b9abdbc8,67
9d8d9607d,75
ffed2a555,65
fdc6bab48,48
9a863b9ee,103
20048b328,18
6a1f788d6,67
0e4cdf053,12
23a39f766,50
c8d684975,30
5245d1288,70
dc405fd04,53
69a2f544d,88
7db868b36,75
95e3375ca,4
1bf635fcd,103
ce6096353,65
07565a412,1
0ed9ee6bb,67
1f411d101,103
58ffca855,73
10c568a02,93
64f0cfc26,47
ef7856a23,103
08d076fb7,75
c8c92b3d1,49
7afcf9660,4
8fd2c007f,14
6b57e5a58,103
92da88798,102
44d707daf,14
f38eac7db,67
f1c7db9eb,75
6f3f4d188,67
887fb3ff6,103
ec07ab0f1,30
8de4ec677,102
f88f94471,77
f00ba69b7,28
77a987385,80
03536aa93,102
e881c39e6,50
9a1d5df73,103
817ab4ca5,73
7cc60fb22,13
1ac65f43b,47
bb5a3fd92,7
cda807af3,4
28462ed13,14
8b0062584,43
dd33d59f9,28
111581957,9
aa016ddfe,4
d853b843c,90
87a37b4cd,47
9fd265646,28
8e6d1a140,90
e44de523d,86
b8fd3b2f7,75
ad62f8d41,53
baf87d0e3,63
924218498,53
e16606faf,59
34d736b06,4
e69b66458,14
fdf7c8fe5,49
679f13cfe,53
4bf1812c6,67
58879de83,69
95d50723d,28
2d54b796a,93
9000b5760,69
ea16b16c6,4
6bff70a64,30
c80ef2e31,80
8664c38e5,21
c4a376520,93
beb9f80e6,103
3239f2f66,93
ada310267,13
7b89cf590,103
7da20ceb0,53
8a8fae985,72
57af706df,45
366fd6686,75
f7eede84e,78
087d3bbf0,67
9d7b004b2,75
f468cfed1,67
2d10d39ba,67
98bb92c1e,67
a12ed8ec5,103
80abd878b,102
bd4f8c863,48
052e7f031,67
8ed239a08,53
93b754b97,67
f1495d941,67
9d375712a,55
97b3e2eb1,0
081ee9650,52
f2c6cb2b4,7
8776e1949,49
b25c080d9,102
1a5e9517f,90
24cc36b04,95
eba77622f,30
d1292ab63,73
f92ea03e2,47
ba49d2dda,102
6a1a8e17d,71
1f750d4e6,75
894696267,67
038c1315b,71
6366d7061,90
4f87dd5ae,67
fda794abb,67
83e64f32f,46
d14a0c9d2,4
afd01aca5,94
6318d6cfc,67
28ee705b7,4
e2e96c56a,87
f2419f856,4
1c7354786,4
8e92c9811,81
55c59324a,4
a63f52d9e,48
5d1259367,41
1d51372a8,73
c85a1d564,25
2af4172c7,4
314dd31b2,94
88fdcd071,21
6d7138997,0
392019a2c,4
6b3b8d49b,57
a959c7034,14
e3c6e720d,14
ed0b0e088,39
5345fc847,103
6aa485643,4
40b3c6e51,96
6f88cabe1,80
b9ff3b500,88
0f40f447a,7
1b4a28bcb,48
0aaa84d90,0
4630fb885,4
6f12632ac,9
aeefaa66b,97
d782603ae,48
b07bb0c22,4
35e87cd85,52
fd704758e,71
d829aea86,49
3e7ae2503,4
4ffc57a98,14
24ca41300,67
d9924befc,57
ebb1d9137,102
6f0d8372e,88
fb5b6c2e7,67
f69023f40,103
547815be0,45
e752f8dfa,67
6a8422b82,103
aec93bbc4,45
9ebc88cdc,68
385bb724a,102
961163819,0
2bf04d18b,71
c3c540406,14
e2c4e9c91,27
a430b437c,67
9a1e64ece,102
855c94fc9,83
9199afd98,12
9419289bd,75
b57f26c3b,73
dd4cb3fbf,39
40752b008,103
10bd19c33,69
2cd58674e,62
ae8e8b50a,49
1be394776,49
945155e8b,13
aa6a6c73d,67
1abc6d06e,73
934072bf5,53
ac32140ca,47
99caeeea3,73
ac73af09f,1
334df9a32,13
c1390c263,53
9cffa1c67,88
7eb988267,73
ecdb603e1,4
24ee77db7,48
6e3716497,21
bb88f386b,102
407df102a,40
75a50917b,48
3665f35e2,4
1f2621b4c,49
08bee6dbf,93
9de01514f,0
8f8ba278f,102
b8ff15213,67
e758b0185,0
2ea467d26,73
4ea0a3352,4
8693ef6b1,5
5a7f69e51,90
afa2ae498,9
dc77fccc8,7
9e46889f9,102
630ddb37f,75
b106e1623,90
02378eeef,88
b3cf1a86f,90
d5400cc1e,14
50a98363f,19
630d3e7b9,4
9a33c631b,4
de8fd4020,93
55dff9997,79
5567bcd26,49
cb59a4824,67
9416364da,103
1d8ca740a,0
f7fd08c1a,73
9677be74b,67
53a6ecdc4,48
70f9d13b9,103
537f040bd,4
690f47487,103
ce824d546,76
33b3a9955,4
4165e5bec,5
bd3bf8f16,72
470847079,76
4a349dc90,73
90956475c,50
7f3e45975,56
96cc54a3b,103
68039396c,75
ad9aa2ae2,17
2c0fac807,8
847ffdf2c,41
597beba89,47
640bd467f,103
30c74817b,91
c1f89f237,34
ec357f612,4
0354bcfbb,67
91a2ba8ab,10
f2ef2873a,43
35c0567f1,0
7afc693b8,98
31ad8f4ab,102
6de9b2572,45
fe3642b3d,48
b99ddd49b,45
19d5edc51,4
f8326b046,50
6449727d1,82
8f2f9d451,45
37377ab6b,53
5f4162c42,14
1f631a7a8,7
209b4da16,4
d92df455f,102
5628f5deb,85
b7ad587a2,0
c1435ebc0,4
fa19200be,34
509965df0,48
adacbebc1,79
1e9cf8264,16
9a2fe7b99,67
629436111,76
54a1667e9,21
07f10b39f,70
6e1842cc3,75
e8226fb9c,47
b95364dd0,13
85e1dd858,73
280b71230,49
af7eab8ce,50
25079853b,48
534764190,67
8571d6622,52
c0ebfe98e,24
0dda08338,67
4afd54574,43
f4c3dcb09,4
4580f61bb,19
51e3f656c,48
0721c0bc0,53
6abdbbd7d,68
7edbf1ca8,10
69040ec2c,48
157be3bb4,103
8fc79c991,49
a8ae0ccc3,81
ee9242d3c,77
18ad828b7,69
cc4399647,4
3e17385dc,4
ca19d9909,80
9556bf430,83
bc707c021,86
6348a7b61,67
625ea352f,87
e9483b3b2,73
817066a16,4
9a9255c3d,67
03edb6308,71
cc99ce5cc,48
3aa210981,25
75906e681,57
6daf9a7d6,19
ee578c08e,103
872eafd2e,94
20e92f82d,83
78d30851d,72
75dbc2c81,52
b8fbf9eca,10
ab35917f7,73
dba16733f,24
db04d5ac6,103
48e65f113,55
1c88f1550,67
94269c190,73
10acd2f2c,73
dd33bfef9,72
bad8d3e9f,53
b7a815e07,95
c63427eb2,70
a9cb1cf8a,18
7f01686f7,73
1f8e21c54,49
8919d694f,77
012e26395,73
37dea321a,80
e70be746d,26
9fc9b533d,67
0dbbde2b4,103
9617ba69c,73
2c6c478d1,67
ce6b9b704,4
69e5888fb,45
730d2b0f4,67
27d271279,4
04758b7d2,75
6575f6563,73
488cd2512,95
5e6e5030a,56
e39fc5430,36
9e006b3d6,81
086fcc48c,53
0556575d8,83
bea291a1b,67
724560f8b,48
c010973b8,73
b09f6318c,91
367f31c9f,90
9090142e8,72
2476c4270,9
1a25cc01e,49
0aebb315e,19
e2fdce920,4
42f1496d8,4
8bcc6b0a2,73
563f7b16f,0
1e8175d27,17
90bb2bf7c,75
9e7a1bca6,70
88d492231,0
7cff9aa7b,94
46017b3ea,4
f18412796,0
10c508f77,73
d7c938976,50
0aeacb28f,4
0c076890a,103
6c8eb5daa,49
5d3d71c05,14
47499b166,103
e42b8cc4b,59
735b3631b,75
56317c242,78
deb571149,43
3b58e0b0b,14
f99cc22d6,0
8e8f25c31,87
d14901985,4
7c23c9246,48
60e8a1d83,63
143b75258,21
6d260c2c4,45
a20b98b33,49
5e2f03974,50
807ae65c5,47
64dfb8137,74
aab7f897d,75
d50341097,70
5f3773437,4
6aae558ae,80
cffa0410e,52
019df649f,4
492569251,88
5eb03fbd3,67
ba635bb61,9
f553000bb,49
6ef97d18a,76
42f3a0c03,13
78c58095d,67
8e681fe39,102
0875c4f20,73
bf7e00572,4
03f8a7638,48
3c525cead,72
645e6c963,64
75bbc4353,4
8d1bc9b54,18
7fcbcdc02,78
b104b01c3,9
57ff5b255,47
d228d4fca,83
39df767ca,86
7abf68943,67
2382c277f,75
cdfa5a4b8,75
d314c03fd,47
61d0998a4,48
9deaf95b1,14
0313b9d4d,90
fbc1f1f89,49
afc49f312,46
f796dac32,80
749b744a4,47
f9acd27a7,4
ebd745005,13
abe2e74a6,49
b0bde1b03,4
b5a739d1d,67
bdf131dae,59
a13259e0d,53
3f5c2bb22,16
5b3de280c,0
4746340a1,75
5a2c8645d,93
59c2eeeb0,53
994db92ae,49
af51f29c8,65
282e04df1,55
2cba09f03,70
e6223db31,7
e53134336,67
ef21b581b,70
0a71ab4c3,50
260517e44,71
52378ff5a,49
5cc793cd8,71
c3a60c66b,72
95a484b75,0
cd6748273,77
1dc077696,103
f9b4d0e4a,12
a7756b411,53
88e754f35,41
d66f375db,95
69a3de639,76
9be084d41,21
a94c4d821,80
fa434878b,67
2fa4ca1db,41
6601f2903,68
c9a7eae13,74
e72c5d3a9,67
82c3b7f7b,10
0094a72e4,4
dd613b9f2,76
cad0e063f,73
5998b063c,4
fef2b59d5,0
1c63f50d1,49
5a83e84af,76
6cc34f6c3,50
077e33f0c,94
c09ec978c,103
74bcea93f,67
8e390cb4a,48
0abb8d338,56
e2567b48c,50
83f7c30e9,67
627e5cd5a,19
2e8a14696,53
d1196d6ef,49
0a383f1bb,47
f7da480ea,47
3353b9bda,17
fcb500296,73
f0e0f2a32,67
a2d5f3e8b,72
233db9b4b,103
4bfdc5664,103
33aacd395,47
2c6e87c72,94
cdb8be610,103
17118cb89,13
001e13533,52
18414db75,14
a5a71637f,71
ec6b3bff4,52
e799e6e75,4
1d145016f,0
d15a4d94c,49
b3c636639,75
58bb4ddb2,67
ea0d2354f,49
fc836e711,13
dd7ae60d1,55
adadd8f7c,80
6bfc6b8f6,71
8ba970109,98
25f594d35,103
978d9e4ce,81
8e66ce122,62
0cd2a25e5,76
2957381ac,13
37cb79b63,4
a05706206,7
b52d8f0a2,47
c5d9914cb,49
93178e5ac,48
07803a6a2,62
b631d859f,29
e028101c5,14
3f3280fd7,67
61ef56738,71
f5d022470,55
c0e0640c6,51
201a74da3,27
4fc561f03,62
e0fe7e2d0,53
c29915daf,51
adb78b73b,48
e60c3bf54,10
16b00a5d5,49
44fc90316,14
2aba48b93,83
355abfa16,49
70498b302,73
78235a81d,73
536be8fe7,90
b70f99706,36
707760045,21
34302ff94,4
67a3ff9db,95
5cc548c43,67
e7661164a,4
9a3f6c785,74
bfefa1d73,103
7315d2e99,88
343a80f91,27
ec33a58aa,47
45bd6ecd8,78
a0add49a2,13
3d199ab7c,4
fef9f8524,78
1f65738b8,83
22be03235,47
dfbb8c112,90
a16eb5fa0,103
af8f1a4cb,80
e2372e47a,54
9f0f27251,102
edbb2c2f5,48
c4727766b,4
404661213,49
f9dcd69e3,67
85bde49f1,58
cc7981c1e,49
b9ba7799e,4
9b353319d,102
8361e9b86,91
afe70f1d8,67
d12204c77,67
f2db90ee7,103
aad6bc2bb,78
2a8131dc4,81
651a0b6cf,103
097dde704,63
9009c7887,80
b8612fa45,67
317d04297,22
d08960735,73
9040a1e5f,4
057112f09,4
3920794fb,4
a9c9495ff,48
57c274565,67
72d528c13,103
7777e7e44,53
7163520df,67
8d4368f5c,0
656a556b0,80
025c07b54,51
a45f859f5,87
0308348b8,14
4e65f53bb,13
9e4e812df,73
0ef6541f9,32
5fc2cecce,86
101551fbc,4
813ba4348,28
55e0035e3,50
9980474e3,49
8918114fb,10
a9cfe91af,79
4dc902039,103
e469820b2,73
8a9b13bef,13
909e04f8d,4
d8749b8dc,90
441f60624,93
1c30e72d1,73
625a9dbf0,79
c8bff789b,36
6da191d02,41
4b86a4171,67
7c9f01509,4
c8c7e71fb,73
a534b0f16,74
56a02070d,4
fb094c9bc,71
04d9215b3,4
d81fb8241,93
99d0b77f9,93
e1499d78e,14
6b8989275,80
734fc53fb,53
3b932fbd0,73
eef64c945,93
e269805f6,76
abf89f144,75
f67795cc5,102
311799a0e,48
b605cac2f,88
450dd240e,94
630773b7f,69
a1eee5a29,72
95b5120db,47
0d4b7df42,71
805f78d97,82
785e7d196,49
c54d38d9e,94
eb92d9778,17
ff9c8d8ee,14
caa9982e3,69
52171b028,73
7263dccaf,13
24ef54ca8,13
4575d8130,4
cdbac498f,103
e7b039312,88
057d2b6d4,58
88a7e7bcc,95
ecf751fe5,75
f8b20dc7f,49
84b6560ee,95
4f6762363,0
c08671252,28
392d4f5ab,73
f3c989c3c,26
64144b5a7,80
4e1eb807f,36
9290d73a1,103
cb22250ca,95
c96b560a3,47
b91c00f4b,102
cecb3fe1c,67
9174ed35c,88
147c34f21,103
a91e7f455,59
eab53f47e,69
ccefc605e,73
e36cefcc1,102
c548ffbe8,4
51f607616,14
7be31a9a0,67
9d7baffae,4
e7d33e06f,79
bd6ee4ac7,47
4a9e8f7f7,4
8556f75dd,101
9aa3662af,14
9403b3f86,68
9efbbd641,103
ab06cb3c9,1
78ccf47e4,49
6ad636b14,7
c90849e35,75
d85f2a17a,4
4fa678f28,83
b6eb04bf0,75
067c659b5,103
465acfa7f,13
01c00d9c8,53
0aa405eec,67
fe6da2049,29
088b35ed1,67
74ee51f2f,75
014809654,93
330ca12c5,67
dba8e8e9b,85
0fccb02fa,74
97a476deb,48
5db83d658,48
bd35bb1c3,91
ea41e95b3,22
74aaa5e78,67
f62d1e472,4
e1d48d997,49
8695f4633,52
322b5e989,49
cc16ab1ba,67
464b2b309,48
cea4d818e,73
5bc0988c2,9
498de5a90,0
ecaaa5ac1,49
2a459a0aa,103
61486eb05,60
a5566ef23,53
5c54f01e3,80
ef8f495c8,67
a2e48b4b8,63
0a117eab6,67
0ab78aa76,48
61f3da6ae,55
f55caa50e,12
8b5aa768a,103
cf9cf9368,30
284bb203a,73
e3fc821ef,84
3dff55658,75
94bd779c3,62
dd0839e53,70
329581d4d,80
c6e5bc142,67
3fbe83f91,53
54dc06c7d,46
6802325de,71
6abbdbbe4,76
bcd277266,4
0ce7adbea,74
7405dd1d5,53
45c23ce20,48
6e60eef45,67
0251a7082,4
b731c25d6,57
805d8722f,80
6d61341a8,67
8904c358d,48
b87e16bc0,67
bc08f60aa,49
0313e231a,103
b17ebaed0,79
61547bf69,103
c931dc74c,52
8876c6402,13
8fe41c548,48
cd6fb957b,80
f3a8be142,35
5e76ba18f,69
b382faa85,42
a07779d6c,49
29f49cd83,75
d637980a2,45
50ff8f2d0,48
d8437a7f7,95
6a69a6ae1,73
3aa882bbe,103
1513105d2,68
310f07ff4,49
fa1a492ed,5
0cc1eccf5,47
1b426a50d,0
0dc26fe1b,64
c7acfdba4,53
3d9c51d3d,53
0b75f1f48,14
d8f1c6f49,72
b84a40e10,73
a0e82c1b1,73
db86084d1,55
981396649,49
ae78a484f,71
5255b9b6c,26
b64db46f3,67
1a0d4b775,4
2f2b2a1f9,73
f04b99dcf,49
1600cce78,67
b299b2022,67
8168ee82a,79
9067fb1fe,35
8c7a3ac06,4
be007fe7e,78
3cf28a050,79
1b0a08a16,73
da9de3c05,77
85c2ca274,51
71d454f1c,103
7748f8039,103
bc9873f0c,41
57f7948f4,63
6036f3641,95
4b9e61e38,28
d9d483387,68
d4c0f8a5a,67
7cae1c547,55
a2ca3206f,48
226a4258e,41
5a5cc97ec,19
2c9e28482,79
3e1727f79,102
288feaf8f,67
f7019798c,95
2ec1937d2,48
36c544e98,4
cf3bba4c2,5
5ed355568,82
0a63cce73,103
7547be627,53
9dfd91c6f,67
73633e6bf,69
e3fb7b8e0,10
687997bb5,67
2013e7b99,10
fdaf286c6,49
923e37397,13
ffe68f250,73
7d2140905,47
b738a5ab0,90
5083ce580,37
875510d5c,67
903d6d1ee,28
700cfcbd2,69
9f80ffecd,49
0aa1d9c98,69
71c31d4be,0
ffb840ebc,103
cc446554a,102
3569ab6df,41
13452bf5e,7
a82ca5b13,12
d78b3b629,14
cdf877752,53
786172ac6,56
931b0b249,103
f7fe0d522,14
58f68539c,73
0f9da9757,67
17c8dae41,72
a6bda1044,32
d2dc32c18,73
0e7c4c272,57
8ec1ab770,103
fd311eab7,103
c41a4be65,54
d4f431dda,78
fd3fb66f0,103
bfe43d44a,12
519f5b078,75
f16b615a7,62
d35565c6c,67
d970c4ffc,83
3b79d913d,102
a15f2da3a,103
a0ea70e97,13
7257ec39b,75
e283e73fc,67
1c074bd0f,102
fa7866999,48
d90f33907,87
c779948c7,93
9a9c151f2,4
3d6f46c76,16
854453303,73
096e3e1fd,87
2bc4dc850,72
6fc119103,103
f62c0973f,34
8182d588d,7
2e9790332,18
9372a8558,80
1e793aadc,4
ec9d1154a,73
a7f5360e0,4
52dc12639,17
4a608f8ad,49
8b23979a5,63
6c1a05ed1,74
3d5479aca,103
a41d29902,103
918ea59ba,102
97ddeaac9,93
7725cb554,23
7e8d0ab34,48
a51dbb7c5,4
754250691,103
8a81cba04,48
599713c6f,4
f0a786428,0
d753dc261,7
3ae3126c9,67
065c9b5be,59
0476b626a,47
4cc87897b,95
a76840623,73
0d48d68af,73
3076e7608,7
27f69132b,83
f0727012b,4
070a1abea,49
dfff0c929,76
ee053208c,43
48d8779bd,94
79272fffe,74
47ac366b7,39
701d4ac2f,24
8a5353b56,67
e2aef08ca,4
d02a2fd8f,4
ccf5f3de8,102
29ee6d680,53
0e538051c,103
5cdbf8228,57
65b44f1fd,102
7b53e5791,67
e68152d61,4
77ad23821,94
05071bc4f,102
f9c4254e7,13
4b8a4a3da,14
3303a56a6,45
0497c3265,39
4191e9966,75
4134d5714,67
5b1353d71,83
9f69713aa,5
7514c8182,49
856717f8b,4
b632c0a2e,28
760d22629,79
ce5af8fc3,102
c93150ab0,88
96b2a73ec,37
9ddb372cd,74
19a795eab,42
d665d6a8c,80
bca8bf0d5,13
fe1857f3f,94
576f07382,14
08ffacb06,68
ce6b42efc,53
7a011cb30,73
b5eb21e9c,12
121fbeff6,67
adc3d214d,48
49f2b41a5,4
aaab6a867,75
6bc2469f2,73
61f237fa5,52
e0a96117b,67
087a71f75,103
c1f7fad28,53
cd20c00da,64
778808485,0
a67769dd9,29
d0007cc98,13
fa05f57cd,75
25691eb59,74
f80f02286,102
064d949d6,50
c2d0ff1e1,4
b71543e42,48
dd9cf65da,0
656851f72,0
b5fd782ee,28
98cd24c97,4
1101a003d,29
361e308e0,76
6c5cbbdf4,40
9c1a396f9,87
56a33cbaa,53
ac869f858,47
6bc102ec4,103
9b8345ded,0
13fff11ed,70
bf195e5c1,48
6760a8b60,59
60a40c037,49
13d3c108e,77
c6c801e09,67
53a05f5ad,14
8925b37f8,73
aa85a14bc,103
cb9adc4aa,103
a086b2043,12
8175828ef,47
de8795ddd,62
3dd834459,13
62d2aaf89,72
aa9279a0d,103
ad494795d,9
9d96a6d82,53
1b2d48186,53
498d46ee2,80
34cc8d691,30
ff2e1b825,103
b2d9ede68,19
b909b96d7,81
9d388b6f4,4
9ada0d093,93
75c1b1a9f,73
9edb00dfd,49
fb7d17d79,14
fc70a3b37,103
033c8773d,77
3ceb3dfc0,88
e26d85d35,67
42cc20908,41
ee2ee5186,73
666f4d363,48
e93da9242,12
22b20a20f,7
74b98cfd0,68
1f42a9439,74
72b388c16,48
bcb18c6e4,4
51ccfb7c4,50
b6fbcbacb,53
9ea847197,79
9e9dda9fe,72
61f07f2d3,48
662f45b2d,4
dc8dc1ad0,0
8b7a73f76,53
3dba87b2f,103
353d4bd0e,76
46241640f,67
99b639774,77
86afbe278,49
af8b9e043,86
4347196c6,0
c762253a3,103
6504eee67,4
9b444719b,102
76809aa23,11
fc601ec84,86
8ad63bcf2,71
06c56276e,82
f6d873abc,76
1134b4a4b,102
e57ba8f31,8
7d5d89bf4,56
c77e635e6,103
8b31b6453,73
a4a05f743,73
7e25fdd6e,29
57cdc3f59,73
504ce2b94,4
58e9042e0,30
db789a901,103
ee2fd195b,103
1e155978a,4
2984c04e1,67
a599e44b9,67
74bec8798,4
e21d2982a,88
4b57c7aaa,39
f67596886,103
0befbdd9e,81
23c567b03,93
d0661be31,103
bcebc0b3a,49
67b85d53e,45
e3542e88d,70
ab1d26187,21
1fe55a939,12
15c1eb33a,45
5752ad3e2,40
9015e43c5,103
184b78ad0,67
fd3bba010,62
14519334a,79
95f734b2e,53
e267693a6,102
b05b5e5ed,22
42090e3bb,28
1c64ecac8,30
18fba1554,30
ecd73311b,0
f69e60044,4
3d17ca258,91
5fbdf775d,49
8515fa3ea,88
0e5e79e60,49
048fe3ca8,75
ae9a70845,73
8cccd4aa7,4
5287898d3,25
040684077,41
0119427db,86
7484473e0,102
99e7f0526,67
200cac2fd,47
514b8d03b,80
36a930b87,77
8f04c2207,30
4ec8b55c7,47
88c6b5f1d,102
e9fc9a217,103
5934fec49,13
c515db368,48
eaeacfabd,0
9af5f572d,9
f1f288bd8,4
80d468ca4,73
f6c766f77,57
cffa6d1a4,103
546ea2a87,67
5e0e038e0,73
abea787cb,52
bfd8234f6,73
38765c6bd,103
d146e8595,90
2f29a2a9c,73
64e5e148e,67
510743b2b,39
a334e573b,101
73749e7e2,53
12d007adc,91
4a6513e63,49
8d9213283,72
73acd2065,18
b811b25c9,52
1f673a775,21
794b67c42,93
7300f20e6,48
42a9682a8,24
67ecf7563,73
cf68a6af8,73
43df50ed0,74
11f448738,80
8024a233d,14
d59fc6634,91
cc3b595bc,70
16ad94559,75
3a44b1b54,73
8dbc94744,41
ca2f4b9ce,4
bb15fd515,4
23052c6f1,77
b9f422445,13
1867b3487,48
ca3dd51e6,48
7f4a2f594,13
caa580f63,73
5fedd16b9,4
39236fa60,75
4fa22a6e4,64
c080ec831,45
57d3813ab,4
f63a9b6fa,45
f90f6d589,103
f441c7185,28
096df77da,49
ce1019f58,62
ba23c645d,79
167bb4270,28
6a3ce1e4f,85
2f36a9903,49
6b1551121,58
431dab6d7,73
ddb556ab6,25
dbed4d8d3,13
4bb5a49ca,36
e0f2a0864,95
6e93d8d18,49
debf90490,103
e9cf75605,0
7e6854001,28
6ebd051c0,58
cc0e98f9c,12
4fe7886e1,50
14b62edb7,103
fe80ea2ff,4
2c8b6d457,93
c2b8d96b7,4
ccbe77cf0,73
7c2d22784,43
25b1a1971,67
063528d00,67
dcb79c93a,53
1037cd266,53
444a5e9fe,75
30df475fe,103
5fa624040,67
a6732ac2e,48
d83d3fbab,90
116dfb5a5,55
37aab2807,4
085ed175a,77
a8428cf05,83
7ebeaec30,87
fcac5a7e5,20
61b28f8bc,64
114d128ca,56
5924c5e47,85
3232d6f56,4
491a37339,16
ec55c0f86,4
ff37e4d13,103
981687c64,81
4ce386ab0,14
1691d45e6,67
ddfb8f27b,34
455ebacb0,95
6dfa10ee9,36
be9d52ef0,57
385906707,48
3df11cf29,49
ec3f90c05,67
46f84af18,98
09a438bae,53
afbdbbf2b,48
80ec46d31,49
7cb5e6b99,50
f229ebf45,80
71273ba15,75
ac28e9c47,76
026d4082b,88
3c98993ff,102
117551743,83
dbc79f0f4,4
78a777eeb,35
f6f3f541d,91
9c158e3c6,103
bd439cf5e,53
dd331079f,30
b79cf00ff,69
a3c091760,57
40fe28512,95
358cb6a28,73
53d90c2cf,72
8d2997526,7
c19d02d04,67
4fdd76274,4
611876e26,30
a20b7d9fa,68
0be01212b,10
88f8cca3a,53
21d31d208,48
db63379e2,87
fd88bb2c5,78
0240a9430,0
f91c76038,78
9c8dc2ba1,34
6ecd0b17f,47
f638a96fd,54
20be2b5b5,55
352a2c45f,90
31a7d4530,48
a2fcedaf7,13
15bbc7306,103
103a5633a,102
6eefb96f0,40
d8d27a914,4
c3f6cd0e0,28
b5253f91a,47
9f5e5ec3f,4
1557e4b6e,102
2ffc025ec,14
e8978b192,0
fc7362a16,67
2e0dbcfbb,82
64c056f47,53
5681077fa,4
440128919,4
62e32ec91,103
26cf9ecfe,73
35975d1ab,10
7600dbd87,79
e95556293,85
656f4c5dd,77
3776f98a8,80
df8c1c48b,56
fb7984b64,17
1e954dd4c,48
7f5e3f4d8,74
1461713ad,13
b24b4ecc1,95
ef40d788a,48
43ac410fd,75
532160a43,60
ed8c3c3f8,13
06631da4c,75
e6b713626,4
603490d95,67
fd53118ce,77
98e101a61,13
3debf4070,14
9b7918a64,83
30b7ec090,98
d29cd9c2a,75
8b01cbd62,4
e394b0931,76
3c425da53,102
b260d939d,53
5184d47b8,90
35c39adf1,48
7dc69b4eb,30
738116e15,77
8d6e9cd06,93
d00342c5d,13
69ca9a78b,13
d4c65214c,76
0b25964e1,4
fee9f7c67,49
31a00d007,103
a3355967c,48
6c925a18a,50
058cebd78,49
41a9e2617,0
8e90cbc5e,83
a0f7fea74,64
2d3c0a80b,103
b7c137651,64
24526b077,29
bd401fd21,4
21ea59543,94
5c88d781e,103
36c7c4a64,71
e7d7fec7d,59
73b47d713,103
de23c5486,67
8ab688113,75
256e89fc6,85
40233a112,73
55da8e5b5,6
a2b22b6cf,48
dfb75caba,14
49b354ce4,4
c4d436848,93
8e07cbf1b,78
d9cb87ad0,64
f6fe43282,90
f77e765b4,14
b080d20f2,103
376134aea,49
8eed96f65,50
3d814b28f,14
c9ae3ceea,50
82f95de55,4
3b0daf5b9,103
47664da16,73
18c42b6b8,4
d1b3aaf63,48
92d8c290d,67
07ccfbc89,53
7adb142c5,53
556f2c5c6,102
ae05e03cd,79
acc5f6c4f,67
3680129ae,83
f10545931,94
97ccf888c,103
2a99b0118,67
aaa8e6d3d,70
c2a609ae7,24
1fb1edaca,4
00450d304,46
67b0d01ea,46
25e91d523,78
1327f9bd0,53
a0c7302d1,87
8d60b7464,49
5f91412c9,1
6485978a5,53
0b982469b,49
dd9f61326,53
891e42a88,52
96109449d,67
dabb82074,48
e8aba010f,95
fc2199013,7
e1da2a9a7,12
0db5748ed,4
9989acdc6,93
7894b3f5a,47
ac1c8b1a1,9
1eba038ad,80
a31b18ea9,73
ecadeb0a2,86
eaf6fbc84,30
c46f7eba8,18
258ff457c,102
cb82723d1,103
7698bb454,88
4e19a3a2f,65
a01133fe3,15
a8ec16428,102
6463c47d1,53
025960a54,79
6a8de3c09,90
acaf761d0,73
fc6fa6753,62
a7caedcb0,95
413305146,47
b46f208b1,67
0edbc1625,0
9cd8464ef,102
459d3299b,4
4c25aa614,47
ee40fc4e5,90
a36120551,48
9dac30b0c,103
801b2e0b5,93
fd33eec2e,86
aee5c9b93,47
8fb591dd9,25
3625c81e9,67
09c8ebae3,22
92673a9aa,4
0623719c0,4
2ecf2e9de,67
4a99afdbb,16
306cd2f2b,57
d278a4f7a,48
1e3e2da00,81
7d0e7bbd2,19
b688ee356,76
1fa6772be,0
2c2ffb258,79
68a81ce4f,18
01262c8b3,103
301315f25,0
5826bc1ee,103
dde8d3397,49
8128b8af9,48
8a1f6d193,0
6d16c986c,67
f73820e9d,67
d4bd9703f,0
d4ab600c2,10
7bae0ab5e,76
e1f685853,73
4156a2861,48
6a273ddf9,4
75b41a741,79
841a4bd7b,72
fb85ca687,67
71149a63d,67
48c00c048,45
7b46c52c3,73
8a8eefe09,67
79c5126ce,4
64a00a8a1,67
19466d61e,53
40da3a46b,103
bd3464591,79
9bef7aa96,95
a3d8cc563,33
3d44a717d,57
8a66bd5fb,48
0feb4e2ef,94
cf1fb187a,67
efd7dff01,50
a0301d0e5,103
6229791d1,103
92cf1594a,75
ce6303fec,52
43e458e40,67
c0ecf5eb5,75
ddb15721b,48
7d5126c94,103
82d5f6620,68
5ed174c75,4
6eb8b8e84,13
54a9c9512,13
7012b4533,90
357b3b1d3,58
6025abd59,95
70ef6d8bc,57
d495d29df,67
2545ad929,42
564564fa1,74
aa560af38,0
66f455e67,53
29d5a8bd5,75
efcc34447,48
af181a2a3,10
4cd75e21f,45
564a0856d,79
61ceb0f5b,74
6821046ee,4
4787424e6,5
da4c0be52,81
a2b4482dc,45
916ee9985,4
405bb5363,103
02434c828,14
1c946e0a0,24
9ed2586ca,67
2e1a7e4a8,71
5d238f402,67
9d3360932,49
7eb08a18d,102
2a5df761d,76
4f2196c72,86
711216a77,94
e291c8794,102
3901d45a9,103
8960bdc5f,82
464b3976a,52
d482c8cf2,30
515ccfe7d,13
1711fd57d,4
8fdb0b741,50
a64d32c6a,83
763b49b1c,103
2395c9740,49
ae6ab4563,14
c76daa7f8,7
0045ce94c,67
e8d0e382a,90
af4d8f92b,83
d92a98c89,53
84b9be4d6,4
4ca32d7d8,86
e0a576d7f,41
285e0bc7e,0
57b90f0d7,76
77a6613b2,77
78c02c2f5,49
a10a0b280,62
738989c7d,14
6cf4b47c1,76
8afd1d330,47
435326c89,103
028852549,102
30f515f27,0
1ca3b1ec9,14
6395b130e,13
cfcd57260,69
59b2a320d,93
35b66a46d,83
fe7857419,49
5c9aadf3b,73
6c3ecb861,14
3c5f0c3b4,13
3d95467fe,88
7d04df1ca,103
1b0684dc7,4
b8f76869d,48
f86503c22,67
92debc194,77
04a069392,67
f35bba490,74
1ee86a298,48
70077ecb9,4
5dcad39ff,47
3be948614,7
004b88e09,103
bdbec7ef5,102
34c4cf37e,35
2655440a4,4
b145790f2,102
9244f8d54,75
8d6118759,53
d8f8bccc5,53
b0ddbab02,99
77fbaf59a,64
dc39aab6e,55
d3d08e737,32
a3500e94e,49
c7d865058,48
d56f1eaf5,67
f6e02f90d,13
a9f0935ed,49
be75bee29,13
abddbf3d0,4
62e5874bf,14
e9a2109c0,53
97808297d,24
02d70ed11,7
4cacbf1fc,0
974d0a175,60
b0f2342ea,86
0713eb9a5,53
318d049f2,49
411394fae,67
71c57f5bf,48
f1641e325,47
d1a2458d7,67
62728ae3b,73
f9096c83a,10
5d796ff7a,102
755794886,47
7593bf7d9,4
337ffc67f,10
715656abf,103
e64905c2f,4
f10187efa,56
818253773,83
0d558f91e,67
7fad74e0f,48
ebc612beb,73
2cb6d8130,67
a46582e86,81
66df2d548,67
197830e87,8
21191d2da,73
dafe76eea,93
17d0be640,75
09adc5faa,87
dfceb73a0,4
97cf2d9a6,103
269d88554,53
74837e719,90
6022f99db,21
bee47a94b,67
9011dddde,82
4e4c57892,4
b37712a07,14
8b7fbfa1a,0
2dc55fb57,67
53622739f,86
0dce2cb5c,16
b882b8bd8,95
b9811a813,96
1314201bc,53
99e810fa8,95
4c039d563,4
b108950de,103
8b86c4635,48
2a69fa3a2,41
6bcdb2495,81
6f725ddd0,21
ce97c8026,67
a030b3e71,103
760a844a4,75
a62dba9de,103
57b0ac4e3,41
a29695033,48
97947bb82,91
ea072301c,63
787578be9,88
974a99cd3,53
50749d154,9
38477b2a2,53
2c2f59092,70
496bb2adb,49
6d711f23b,73
8b4dab7c3,69
616bbeb90,14
ae61e912f,14
856a55f6b,103
26ee00728,93
e925b2ba5,36
8fa62ef13,4
c72964068,4
1f00c0495,67
719a12da9,13
07d138d01,77
6c360b751,49
69dd8b98f,74
4cc12b820,9
5d0b6dc90,49
7dea65fa8,50
3d3dbb521,4
4b49bfc87,50
1bbcb152a,14
cd503942f,55
e6e68b7da,14
fabc19e97,95
6d0419afe,26
38b394064,7
f337de2b3,94
4d178a6b4,73
e5eca71e3,68
5ff5a39ea,73
bfe670846,0
b3faa4ebc,90
b10193db4,44
1c5dacd9f,69
7a512bfa0,67
6df282095,13
edc4bea12,102
2103e7549,90
6b3c00c84,21
a94f6dde1,46
fac66356f,20
eb66fce7b,14
1a6b89e31,48
47c4e4fce,49
141ee85b9,10
b3deff050,73
baa258007,25
4f7f265b5,79
80e758118,56
88728f169,92
9dfc925a1,80
f38c7346b,83
cb225cfe6,74
5285b9c84,0
147d79f8a,103
388606357,73
b74047d71,0
adbd3dcf6,24
1c08a7736,72
903a3ee76,45
26f0c457a,53
1a33ad4d8,56
73654808f,43
3b6693e00,14
179aa8d61,45
f8c41bdad,91
4831ae48a,58
1971e15b7,102
7165bc7ad,19
5675c2ee7,71
64dba18d7,0
08031b106,53
49c1a8313,73
2690d9568,47
b765dfa87,73
94a7c5ed2,24
60c0ff1b2,22
fd0121113,102
6034d93d9,48
5d59f9a69,47
91ed2728b,102
4c5a20840,4
4d0229802,103
eb6dbc774,13
53d9b87f7,103
dd8b1aaca,88
11cd8f57a,102
31e5dda95,67
5608c05be,67
bea8158b9,72
def4dc802,67
3c5103dc0,103
b82ef433b,49
057cfa1b3,75
43fd926f9,50
33ad24008,14
cbbc6e017,68
1a6e886f2,102
5c597c7e1,79
0a98a2179,49
990ca8dc7,10
8bb630662,70
be75d9856,67
3a17f07b0,18
465605e5b,65
c28a33596,95
241a96f41,4
11db2e1d4,4
a0affbd33,4
919aa404b,13
3a9b30bf8,0
63bec561a,48
fea37b294,13
9e60a5b0b,103
487a6f05e,52
275fa220b,102
b7aca2c8a,0
5382ac6d9,75
0bdbc4859,48
91433794a,7
9bb756baf,103
e12b35292,55
41af5743a,64
e2e81b2c4,75
a195eb3f5,50
5bddd9a50,67
e557fab37,48
5359b52dc,13
00a7a6244,86
d6ded3726,94
6c123c407,82
8716d5221,103
9e4dee17e,7
a0dbd84e8,103
56697962e,4
8304d7230,49
232a50a3a,70
d96c3a358,102
8848222b2,83
cfdfb9028,4
1cb630a6e,77
7cca3e7ec,4
7859791b2,61
cf86bf7e0,73
36af4c914,103
0ce2742b7,0
419424bb9,94
1fed3b30e,18
88de21f46,55
6cc8bfcf1,4
fd25ed5d2,95
3cf641526,67
52c27c7e0,16
871699e5b,49
c21cd70d4,52
4e7bdb1cb,95
124b3526c,29
3cade7849,14
6c77db7f1,103
3b60b5bae,72
1caf8b7dc,47
3c22e0a0e,4
70be85fb4,50
d06adb15c,48
b0c17d5c1,102
ea86d7b46,72
47611c7b0,14
8d36d1fd7,7
12b630964,60
5e01e9489,68
1fe1e5c34,94
8ccdebad5,48
2c8f66cc6,48
b335b5bd7,14
44fb03a32,98
f68109bb5,102
8c66b87c8,7
68c50e34a,103
71c381469,47
af8f3cceb,73
bf6653e3f,67
2939aa5df,40
daa767533,82
ef6a25c92,13
1151a0d22,14
6e045ef23,75
df23921b2,8
440daa96f,74
ce27113a5,73
5cf823995,87
b9eed2baf,82
72e6df7f4,49
89ea4a518,75
25b6d41a2,67
a4f827652,13
f822afd0d,103
ac63c6d38,29
9eeefb070,30
6a6689958,55
67a4a4d91,23
84412137d,53
bcad89a07,67
0d69ec15a,65
953076db7,90
49fc70cb5,49
b5e238431,62
5a078c961,10
d3cdb9655,102
a1c45a1eb,76
629160ccc,67
8cee8b405,102
f56f35811,49
54d263a8d,0
22c98bd18,74
683e58330,49
a7fcb3749,67
145628804,50
f1b2738d0,17
6d7ff30b8,4
32d710e55,78
4adcfb275,53
0a90e5cb9,92
50a98f706,4
ff0e67f2f,48
32863f792,4
664ab3455,21
aead648e4,95
3dbd32e8f,83
21c09e349,53
a74852f37,67
118a60f12,86
4342207cf,67
f6dfa3eaa,67
931e94184,47
8d44b6bfe,79
1a5d9c089,4
f52f85873,49
d1cfb6a0d,28
30e82e694,49
35d5521e7,75
f7f77acb9,49
5885a2c34,74
1ef2e4de1,4
b3cc561cf,48
c22e3bf9f,32
af669d8e8,103
f39ff7ba2,103
08820c254,103
8d0b21b05,91
6f25bec48,43
85c40deca,4
364e07591,37
ed55bdf99,45
afa405f0a,53
0be370901,49
cdd700dd9,51
7677ecd51,4
c4e7f3aff,52
681e2b154,93
fbceab432,10
10f4c026f,65
42ec55913,55
a8338c626,102
57bbb106e,49
a0ebf07d0,90
d28fc9f29,67
1ffdf0d9b,62
599d64d01,102
68e8b6b9a,102
6fa36a899,74
87f8091d2,48
730cbd08f,95
20ac1c597,46
857a39495,7
a0d5a99e0,53
19248ab83,72
c5ab18c87,47
96e4b2ef0,74
dbb2bf69b,30
96993f959,67
6386c2d78,0
c9efb9d66,49
c52257cf9,73
63eb884ce,50
6db9ae896,67
e8e62aa32,71
ae4b7aec3,4
034fca563,103
6c4b066af,4
94d387cd6,53
c753eb6c0,9
40cec32ac,102
2e494a369,70
2e0bc183b,87
1cdfd8172,68
f809ac529,75
d17630e6e,48
010c5d8fa,67
a794b05cd,48
1ff3a322b,103
d9a466069,95
5d56a12d9,49
78ceb6218,14
50ae0bab4,10
728a12444,6
1b8a45d4d,29
c3565844a,102
64088707b,30
db95e1a99,48
691acc46f,53
f21ab1aa2,4
c8baf7ea1,90
d1edcd33e,70
0e675095e,10
35f0035c1,68
627f0996d,49
ccde3ea45,49
6be94f8cf,80
40ded13ea,103
8d9ce649d,73
b9feb1bca,93
c8cacb55a,10
b846a9ee6,78
f9c5a4820,67
d3777d5cb,71
4f5a0a2a6,67
99f271a51,1
de996c4a9,103
a19239dbe,103
49f22c2e5,53
f7696fbde,13
eb2216bf9,0
18ce23111,67
3537c6c84,68
d81994ed2,5
f23084f4b,76
6bf3d86a6,19
b48c962e0,0
4cf56a9f2,4
7c734cbb4,77
5ec9553ea,79
d70ee220d,14
fb93c4c46,18
d71ba33b6,67
6a1072588,4
9ff246fe6,93
897a2400b,67
1b07b0a53,47
175e8c4fa,43
c11fb922f,18
1375fd010,73
9351e7281,67
ab78481b6,47
481c58d57,47
9a6a82b59,77
d2e838de1,4
d17ef4e5e,67
dd103a297,41
67556ec2a,49
bf9e90a5c,67
ca256fab6,0
34c97f64c,73
e8cb185dd,70
bbad1c1a8,39
d415cf45d,103
346182497,49
61ff4902a,103
4f5abe367,13
8745560e0,53
ee6971d20,73
67eb6bb6d,67
a67e861a6,67
bc4c39336,47
8bc85ca8d,10
1d762bf2b,4
12fb0107d,102
967f27ca5,91
f37a76430,30
ea915b13b,45
b6cb0c2b8,75
848c7cfe9,103
66cfc023a,93
fe214efde,75
b9fb466af,102
98f577627,56
496eaacf5,58
960b40f5f,0
285ff0263,48
ec80c1413,67
31f2e5155,86
505472dd2,48
7f6076e29,67
911ecfaec,69
3294f5eb0,24
ddd24583b,80
0f6325318,88
d16bd1260,49
0b8333bd9,67
b364a9362,14
60e283191,103
d6cd39e5b,12
6bced57ba,4
da4a55d56,26
6f81b250e,91
82856ba28,52
c06c7ca88,46
bfdd4162d,76
ea85ab37b,90
0be920d76,4
55a7e02a2,67
849e05914,103
03af10094,90
0cec3ad84,48
75e6b445c,24
d4e9355ef,0
e053b45c3,67
b72ac95bc,67
2b7da32fa,18
610314687,73
7f0c3fad6,4
dc4f97c9d,83
7fc947bde,45
8faa5deef,83
9d44bd787,0
e82201f68,53
a23d903c3,67
8ef4a7754,71
462a4b1f1,67
24bc9be2b,90
4abbf6ecd,4
64803f8fa,103
3b66bda54,4
2dfc47c2c,14
904f86ba0,74
be3a7698e,4
3fd719b67,12
98dcdf215,73
14057210c,49
07b2feecb,76
a475599ad,14
bdb951b2e,86
622301a2e,103
95e7165a3,14
d4350350c,10
708c1099c,67
5febcda99,49
811acf839,11
adce755bc,73
7eed3c569,49
bf7b19901,7
e0151da58,4
9b49af313,68
3dc8e9edf,47
b5f49135b,4
08770c1d1,53
2d9284433,53
af511f5d0,81
58c90fc33,102
2ee5a9066,13
7472f2db4,87
ceb261e4c,103
8c7950b1e,75
8073355bd,0
0a2e4e1f8,67
8429cc1ab,86
a7df3f054,53
3fddc8eeb,13
b8c5eeb8b,4
773cb6978,10
33332272e,103
676bac625,69
d86ebd20a,4
77aa8505f,50
08710eaac,49
a497a8c2c,73
f5aa796ed,53
320890eb5,4
95c77ab53,73
57a04f0ef,49
30da0fe81,11
508c39bfa,49
0afbefa46,72
a43f7fc0e,49
c49f75868,102
4a9a2ca92,103
bbd3eba7d,103
68596af51,47
b0f5e118c,103
6569b16eb,76
be7a473f4,10
58a2ab14d,43
4eac8e323,72
2da86b144,79
e91e87dd4,53
5f66aedb4,67
805a4dfb6,72
710ee21be,7
41e36fab5,73
8c17a992a,48
a86983a99,96
99536c670,103
24c202e61,45
cfe6b80bf,47
224d2ad17,75
4efdca978,75
49601a7ba,41
97d3f3707,82
50c36b121,50
57b85fec4,22
6ed6b136a,103
972c95932,95
8deb17128,4
37771fa98,67
8935eaabe,73
f5ae2d10f,30
ada4b9362,52
ea0b66dd1,60
2d64f0901,14
2b3d7a7da,14
69d14fa3b,91
fec748ff7,49
de06ff6f7,71
33b9d73b8,4
92be2245d,6
7ae85e90f,94
de757dbb0,50
ae8e3af92,29
f1516a306,67
2a69bcce9,4
4863d1e67,85
0b5c8e646,103
718f47a1b,75
4a98c96c1,54
3b7f6b220,103
9a3fa2c38,30
a00b723d8,67
eb83e32a8,73
28b08d407,49
f0e91b85a,0
1a0fb01d4,43
afa55360f,45
991108b09,103
96a197cb1,72
721e72651,50
47f7fcd87,50
1c35c04a8,53
139bec7ca,29
43428f900,80
623270c63,70
9d0d80d6d,4
bd8830a6d,73
7e53bd3db,103
563ee45dc,83
09c2d54ec,56
ef799e46d,41
d2927e981,4
f116f4ff9,76
84fc267ba,54
d5cd9674d,70
7244c8b3b,102
7b6429c7f,59
855c5dccd,4
db0c2006b,28
a5c902dab,67
756c7c9c6,49
56f31776d,67
7cd4cc27f,8
856565e67,4
fbfb8db0b,21
1aefb1a74,4
671c7b595,102
de4b24dec,87
6f09acc36,27
01520f1c3,90
93af01df3,94
2c2579451,91
c3d234832,73
7c8007f01,48
7d7a8baeb,47
fea3b6b40,4
40073bdcc,67
df17daf47,83
837a91c2e,49
64a8fad00,67
e8bf3b5ec,10
89fb3d0d3,87
563a8d7df,69
2043fd8b7,48
4f4f5f14e,67
a1b220f98,65
d5e054427,62
cafd03a2f,102
e1b3d72dd,96
7409a08d2,102
e88d42b8b,71
bcc60f666,7
503c5b1ab,75
c74e100ff,69
bead374cb,57
ecf64f4f9,75
8e8259669,67
dac6805a7,93
257de6c9a,10
464ee7908,42
6e3ac91be,49
43f34500d,4
67cb3cf97,103
11ce56786,29
7eaa17466,4
5689bcc21,67
b9204c339,103
c393d0e16,67
109a722a1,13
341b65192,93
2f4a6e151,95
302e11bd2,23
8a4c6a3e0,11
a85e27a09,51
f05894941,5
f0e6a679a,103
8d3aa53aa,67
d66dec02b,69
dfb5140d1,13
64a1bdd75,49
1e28c6a4e,41
3a19e432f,53
b273a1ca7,73
8d8c840c4,15
b86044a66,34
e3b70ca71,83
a564e4f51,29
8d195e4db,73
a1dfe6e17,67
166cc9d99,0
2b4be937e,67
87acecd2a,4
b1845770d,55
d01453352,4
132144011,7
aa5c575fd,67
d18e36dce,75
f03697dc0,94
4a530e1c1,80
0fcde961f,73
36c65119a,62
7668e5204,13
8a6ff36a7,25
c232077ef,103
39e2183ff,50
95ca52d65,53
736b7b278,14
3962a6493,48
407b393a9,53
c590e76b2,75
f53f2f68b,75
469301bcc,1
50df03fb2,103
7dd683db0,73
0422f8181,49
67cc6b5ab,4
79c33f52d,103
6fed43511,67
52189b48a,49
272457fe0,83
4232febfa,102
6b8f11ae1,102
2542212f7,7
acd745458,102
176afa321,4
53033eeff,53
67d5e3bf5,53
96c6c97f9,55
59f5594d7,75
62c459f66,93
6c51e020f,47
26417279a,103
ae331a500,67
41716e097,49
ebf692344,4
117831b8b,45
278e6c9fc,28
8198687fe,90
06d517e80,82
8d73023b6,48
915159fd1,73
790eb61fb,67
cd4bca93f,50
7d47fa7ba,67
d913c762d,4
ceaa96cd6,103
3d4a5ad3e,79
904bafc6c,50
0693e839e,103
ba782cc48,49
bb4688502,62
269695569,56
51eb14267,103
41dddedd7,53
f247352ee,73
9c5095d94,4
d0e1963b1,57
6309c0fee,53
eef5aa7f3,71
5554ae705,49
62eba5d4f,102
b35d89433,0
c2ad42df9,86
597bcc032,37
6a664ced1,80
706aa9df2,49
9cf28dce1,103
d0cd8ecb5,0
92d062d8d,10
22915105d,63
a4e32e242,95
74f0d70ef,0
183896a90,13
1adf45393,103
e665e264d,13
6fcfa47b3,67
d7d655c8d,14
5ccfc8dea,4
b3acfed2e,103
a1bd64c5b,30
fa0d9a392,90
16b341509,30
dbc26a259,0
7089f8683,68
976e6375e,78
f0f900bec,93
6a414bfdc,65
dc826db21,11
2873bf12a,4
d82441a6e,90
a71e2481c,78
e0df04630,71
5d375ac61,4
4a5172bd5,26
83b0ea85f,13
91610e157,13
f9d24e47a,10
1cccba04f,88
1a5b47e16,4
8c39d1b41,33
82aa265b0,103
5155022aa,73
a405112f8,88
2ceabb5ef,53
b63c59f86,49
786ac2686,98
d9d6e7525,73
8bfb79995,102
e24d7d290,103
55f00c851,90
c55a2af2f,103
cbf0f9495,73
f0f7be744,21
378c2a70e,72
7a660b9f6,53
7a8d95cdd,67
44ad68c26,13
ad82ed1ea,94
5b229190a,51
750bae291,102
4f8a37fb9,82
3bd1136ef,67
7d33fa1f7,67
4191c5547,49
2b91acd3b,102
d5766b84a,50
89ef3a121,49
2a914ceb8,103
787c185b9,67
a855179f9,93
f05946c39,67
35eb134af,49
bed5ebc31,83
c25b13b1d,4
28aef7cc5,103
29add8561,97
19c5ba9b6,103
27455ebf9,75
0ea98df12,49
ff1935c29,11
934408cfe,4
e611ad6ae,0
68510e311,102
aa1db9aef,14
250f0fa92,48
79423d8e8,88
8e298b272,73
1a993f386,73
ad7707082,48
8df2a19b0,62
c68758b00,30
00e3084c1,102
39dbd326c,4
9b608697d,41
ee58ae806,67
c52b1e973,53
504e1695d,14
86dbae006,52
4c4fda276,103
0021f0d33,49
822b2880f,103
532c117fc,87
da5d0dbcc,55
56cfcf9da,82
4afa6c98e,57
0be81ab06,72
b57325fc7,53
d91b12e12,94
87a192226,67
a391d5adc,48
9be9e90cd,48
d7a64d386,42
d85ac7942,14
727d99d68,103
c1c9a86db,103
fcb1d086a,30
3c1645928,13
a3d0a07a8,73
25d63647b,47
dc2ff7073,94
704dfd7e8,67
26844c8f3,77
9e3ca10fb,103
81d39b116,52
e2a511303,57
57c0bd843,102
1bb8d0c39,39
d8bfdb6fe,93
3756769b5,85
c92cdfeb4,60
e4f8cae75,81
846099053,93
93c15dc29,52
10e3859fc,67
2858fae7c,49
ce60e5f2a,57
fcc54c894,73
63c3945db,73
d710d0940,94
9b2c62063,9
afbd78d62,73
7965e86c9,102
d5198c9f6,57
c2e2626e4,81
c071b59c2,67
1f1d99593,60
e6798651a,50
3912b7506,14
cddf33a9c,103
939f715cf,53
fca2f698a,67
6c95b6248,78
151cd8478,0
a94695f27,4
b77626f46,73
677dcf9b6,48
bc53d427f,4
f0abbb0a3,67
85d27a16a,53
09c208a92,67
7153f9700,90
e9c29b67d,48
7f71b69e8,75
e7870e8a8,4
7b6338bee,103
ebc1583ce,47
e416c112a,86
71c1f0507,67
030364f27,14
52eae9528,73
ac184d84a,87
fc2f9869f,48
2118eb37b,91
054de124f,49
9f9578396,78
d7b1f9c1f,67
3da7aadde,82
fb83a0899,87
c180f1160,80
f69a85264,62
154896ab2,81
65f299d4d,103
2bed40346,4
32d9fa7d1,71
f9731b808,67
45c144250,75
202b90ad1,49
c38903943,73
cd35b6b36,30
a98070f17,13
abd803ecf,49
a7b14afce,49
0072f64ea,49
cb02dfd8e,53
bb298dcc5,43
4bef06f11,53
2429cadb3,49
d47eedb46,84
664bad216,4
932aeb630,102
d2e37916f,4
2d40a8e47,81
36568fe64,68
e6c5fe236,48
cee0a6466,13
75607a399,103
b078f662b,67
e7ec33080,67
fe9040ec8,67
414fa5cce,83
b67bdf3d5,13
eeb2d5691,96
64923375e,87
4d5836f7d,0
6cd33c3ac,4
b91ced576,103
083109f62,67
0543d5d92,103
f1ccc8566,71
5817b58d8,53
be5a25da8,48
caa1dd6ea,50
6ec67346d,67
b12c4cea9,103
fc220624a,18
7327abf40,93
eb478b7cb,73
4751e93ad,4
d390d32c0,4
721301e6b,8
9a411636d,72
b7f261913,50
5e84a449b,4
6f229cb58,4
0664c88a1,0
9d3f09890,13
07f963c50,73
c301cdf4a,80
8a5e8c715,75
6a2552916,14
1f342e690,103
1fb45cb2b,93
b78e121dc,103
023520fc4,53
103a4a0e6,67
d9eedd469,48
c563c699e,73
250af268e,103
83f820e61,21
30b4b7aea,103
e914d195f,4
1c8122f7e,87
24dddb20c,102
18e4061dc,86
54620ca30,73
d5f6e40f7,73
7dc21298b,103
9294f2050,7
2bddd2904,73
e3069605c,71
2d46aba06,73
9fc4a402d,70
873590360,75
c70d94083,72
a4513ca36,67
c7cdff2f2,10
f638bd582,14
e8475ad43,103
d64daa728,103
98a3b2209,53
1d9693978,57
b043db93b,4
4fd1724de,83
46d8e8e19,102
f4dd28145,71
fb3530a46,76
e95ce8077,103
5172a3da6,50
07718a208,73
97dfe0bfb,67
3ffde4543,49
afdba6c0f,46
dd6301145,55
6e74639ff,4
706bd2088,4
876b105eb,90
900f1f50a,4
d470e311a,78
06a1a191b,49
94b493650,53
a1ca4c928,4
1aeda3f6e,75
155f68180,64
9856ba8b9,67
88d3afe93,53
06f00d362,82
9cd366371,50
7a538b99e,24
65ce506a1,10
06acca7ac,73
76b0d0576,72
b7063973c,53
6adc43d81,19
ad81d29a9,7
fa43f67ed,103
4884ed7c2,52
69bdf9905,24
a2d6fcb7b,62
3f6b5757a,48
3a6847333,29
abd018788,36
6959092b7,102
29fd845c1,13
c1573a6be,102
6bf4a58b1,67
c50ca0af5,10
887cceb1f,14
acbe731d1,0
1a902c080,14
79f507d4d,13
7e23f7ad1,4
2406e977f,49
80d50c469,13
97de1dee0,49
055ca7ae5,67
0c295f0fe,18
07e4f36cd,94
764a98598,73
0395f93d8,94
0c76a33ad,4
166c6bbf7,72
9e4eb029e,56
157924ece,102
7ff8d6f85,48
c32f14d9e,67
d5b001638,102
fbc9ef0f9,62
e09c2b70d,35
cfdf97182,102
4289422a5,49
ed1e5c7aa,44
e0bf00d7a,67
e046fb456,68
b868bcb9b,103
950c30887,4
a388602fe,67
b82ecce8e,13
8dc5fdc92,67
86f5cdedd,103
9750fe0c2,4
eb1ac3552,4
58379dae0,75
d1511e64f,28
994b891a6,53
b7882444e,53
f4feeb150,72
d30a6e9e5,43
dc680460e,45
8005ccb52,95
3552b2954,67
3474e728f,73
1fadcbda5,103
79901d55e,59
e4d72ce27,67
c61564271,5
09bc0c309,102
cef09a713,82
01163c5e2,67
7cdae8d89,4
719e9e88d,75
570029ba3,14
6b4fd7e01,102
41163300a,32
a7d70c4de,39
1d6fbd789,47
a85a06d9b,75
21c3d4a53,79
dd14b70c4,102
9b9381ad6,102
6094552e3,14
c9f640a80,4
35e573945,98
bd049d019,102
ad3eb529c,48
bbbc5f9a8,85
4f4574478,67
37b58af62,12
4779122c2,48
039b15a83,49
4fe029378,49
5ea36cf54,36
1a40b279c,4
a6ef2c9ab,49
f0bdd22d9,50
d6503fc7a,53
15cb0c24a,4
3f1a86245,90
94ef8e44e,13
4f14ea184,73
0eb530d0d,102
983130c4a,93
a44826a0e,53
ebc7ae3b0,45
3333af434,80
79e573478,0
df5392f38,53
8012c6779,48
81bb11926,11
495e8216f,50
aa2b95145,92
745cf5ce0,49
1c3a7bc99,13
875d12d36,102
ef123cabd,0
52e436680,90
c9db9600e,88
206696cbf,13
77767dd21,103
28c5b096e,97
fe40a3dae,45
3ba0b4f6f,88
5193214a6,35
997262689,48
57abd6d16,83
ddc839a0f,0
d56664e9d,19
edf6883b2,103
b20b97998,4
18abb30af,4
eef606ee4,80
c87d22df3,90
25b7cecbe,71
60c188245,67
cbff5d0c1,48
7c9adc043,56
eaaeacd1c,73
5574a3c79,75
f3c3215ff,52
cd29fcb6b,73
54b876ff5,36
c50fdc486,14
94a240084,33
cfebc1eb9,13
c652a7499,102
085b33a8f,22
5376bd006,93
a3b63b1f7,22
14b239870,49
1f0642fd4,85
24bc6b404,78
7e1f50feb,73
9ba7dcc7a,91
797d44519,102
05d03cdb2,4
ad74613c8,73
2c302c916,35
c0825b4f8,74
e4c0f1e32,103
9b9dcd9c2,73
529f2ee42,77
e75ba2d32,13
1d3399cbf,98
ffcda7d10,53
651d0b2f9,7
5bf457360,52
85e11330f,95
f718d5fff,102
b1de2b162,103
d062630fd,11
3ee4afec0,95
7d32579d5,103
8228ed988,4
9f905ae2b,0
93f0dd7cc,75
6144fcc9c,81
da98b5bac,4
22cbf6e58,13
72f51631f,73
0b619448f,103
a1b523d1e,48
7e5967223,10
3eba562ed,86
83bd193a6,71
3ff1824db,53
51b1f6a59,73
0c6b189f3,0
0ea779a14,74
f3b8a1077,73
be30d241b,67
669487461,25
bc4b01a52,50
cf3047df1,4
769f6fb8d,48
b62a1a945,14
9a3a414d4,7
6fbef3988,50
c3bab1104,4
3e043e76d,53
b2cdea1bc,4
653dc3b58,67
9a6716090,67
3a3274d90,68
f2cfe18dd,71
1ce1a7e34,102
57f693d04,48
5b1f12738,10
1ed9fc0aa,52
4afd6043f,81
168f633fc,67
e163f8333,68
34a95a94a,102
e45e707db,14
57f44a56f,16
c874dbc71,73
885d5d2ef,93
061e3b226,48
82b0ce34b,14
e1adf9362,52
6ea2b0e7d,67
c354e0d67,103
946ef4894,4
d4362cb73,103
8f4e1b979,85
0e6c034cd,103
6180782c6,53
ef591cabd,23
bd3518b92,50
7a7c505a8,83
41c27b630,71
6e3303932,55
f2f66f2c0,94
ce6f860f1,33
3d99a3247,102
d36d163c8,102
3f4d7610c,102
d8f64062f,53
eb0f37d39,83
1507fc4a8,14
9dec6e6da,52
9a970ddaf,93
18a0fa20c,82
76311e00b,49
2e31631e4,102
5906e9893,49
c0b653e38,48
cad6a0d66,53
0d7eab0ce,70
e181cdda9,53
75e80fdfe,67
5e7372874,67
869035e2d,68
bd6b0dfac,48
537f3aa34,86
a2e477d6f,102
23cce6771,95
7a26fec2c,7
2b1fb675f,55
690f1dea5,47
875d61521,103
735783bb8,82
4ea7f54f5,91
62b5e80ae,10
562b2d688,59
69ed9d7a3,67
db0212bef,14
2451960a2,49
5bc1503a0,93
815b552f8,49
4d7e7b6cd,76
ce2745e96,10
6129c13a7,53
6a69d191c,73
a7e869862,72
3f3cfc6e5,103
ac263553a,67
4df5a7b4a,102
93b56e886,103
7e85cac95,14
1b7916b63,102
db4859b98,41
d5d2c10fb,55
38bc8b746,103
c4c67ba42,67
2c54bc2fb,80
c3af619d3,0
21608cb5b,14
7cb805a4b,49
acc347bb6,4
43c7672d1,75
033f56581,21
bf8a78505,39
e079e7ca5,9
73356bf2d,29
3d0556ab9,67
078233359,50
f2d9b993d,0
d06bf1078,52
6c0edcf33,76
656ea8ca7,53
ea6121903,103
e788cdf9b,4
b601d9f8e,28
a7464ddab,0
4dfa64964,70
48bf5c6c5,88
e23369e1c,48
82e9c6954,50
024ecc6fb,77
8893d08a2,46
d8346f57e,74
b9e513369,73
ad06e1507,73
6a099e4a7,45
0a38b5a6f,13
08302b7a3,21
0999994cd,48
82a37e873,73
1081dc395,64
3ef916a55,52
1b4b7b0aa,103
19b55b489,103
0502ffb63,75
ae6b4c59b,103
39bb94d66,51
2557c29c7,81
ffccd38bb,71
e45a03866,57
5edeca301,74
f5da36491,68
8427d213c,67
003b89961,49
0af1026b6,13
21a5f41f7,4
ca865c4b0,55
9ff26d18b,69
29bfe409f,4
eecfcfd26,103
f9a14ea8d,103
093f50986,7
4217c1328,14
6db4781a7,57
85c84a176,60
aeb1a52fc,51
caf89a8f1,58
d12bd1d03,21
a53fc71a1,13
55603d86c,43
5d35e5409,95
8592e5ece,73
55683854c,57
e7f0f1e63,57
e3bdad3bb,30
842be06bb,47
4a42f34cc,79
32bcd07f0,93
eeb419776,102
916834e2b,67
c48f8f050,4
db2bf0488,67
ccdbfbc8c,10
e80bee440,90
760ce7b43,95
52232fe3f,49
10b54687f,45
e830a4d93,53
17c2e1b73,48
0ec158f7a,78
8d5b79bb4,48
408db7399,53
a7855a3e3,103
8b2b9d6c0,73
babc5e002,67
7c10f4b8b,76
480dbd0cb,73
ea32570af,13
f4ac8bd6c,4
043666ac5,53
658b73453,49
5607b2020,73
c27d9c294,91
031a7c19c,0
2b07811fb,83
60b3c1ec6,102
a6ade9e09,28
e4e3d8a4f,80
12c03d834,56
237c95bc6,13
1b0656451,12
6b9570949,50
2eaf291d2,14
2e7d74e55,24
3edd04c83,58
48689d750,58
1fc614660,49
964412965,67
78c19e86d,49
2586669bc,48
2da61d102,64
3081eb3d7,102
c8e30f4c4,83
bb5147a35,22
463545278,53
386369977,95
50f33fc4a,67
6429d59a3,16
0c56833c4,103
ed429fccf,49
089c2739f,20
941dde56a,0
2b9d54083,36
04ec1f692,4
89e147dd6,25
f99c51769,93
79cb3514c,102
b067fabd8,48
d4bf7a89e,86
d35b47e60,0
f48aad6a7,67
68e87d794,68
28f0909fc,67
88ab1aed7,94
6a9f813a1,49
a5b6a29c8,59
6dc57d8b3,73
8482cd4e5,73
8801493cb,73
577136af2,46
064a230b7,77
691ff0015,87
c87bbe155,13
f34e6c4db,40
f9f196acc,34
eaf19ec05,48
ee64fb7d1,10
a5d650b37,75
e85121a2c,49
816ea6eb9,53
e7791dc5d,22
0b9edd8f9,70
a76407bf8,30
393d8efdd,13
4c79f68f0,93
684a48f58,68
2b4605245,103
1218dabe7,94
228540138,30
f1e71c574,0
aef983095,4
fe824e9b2,46
9a8d29f7b,67
4b0320af7,48
41f7c2604,4
1363038b9,74
a1ae9344f,13
d0b48815a,73
39327a0dd,103
66574442d,18
efdc65d2f,102
26444f504,4
943e13c28,0
95ab27ba4,67
b32d80296,79
2af766509,21
5beab41c5,103
eb0a1b58b,57
63ac3780f,13
6be539abf,71
548fe4d32,80
aaafbe4e9,16
5c71c2638,48
eb4bacc7c,78
061988edc,50
048596edf,48
c9c4ad186,95
4fc55f7bb,49
2ec187152,16
90bd4a9cf,67
dc4a5c985,53
40eda589a,102
70cbc35a5,14
935518c47,56
1beb4e8ef,45
b8c3f66cf,14
2dba0571f,4
f157a3c6b,49
4bfdec3b4,67
d8f81ecea,4
3ad81fa96,21
8a223576f,67
709d4aaac,73
c01254e45,87
f21f7aba6,10
789e8506b,76
0963e2956,8
03c4126b4,13
5112d23be,103
ea95803b6,4
a17d53e19,0
019a2efb9,75
5f024c911,48
2ae165ee8,76
2ce1e0b6a,73
c1e7e7867,76
6461cf7f3,28
9264502a9,57
938b2ff4f,103
7723a9059,73
1f38d6778,75
a016dd653,49
4d8257f18,21
87f6a1325,73
69c31f86a,93
420e4c39d,95
4546ad0cd,102
1f5a8d8c0,13
d483748e6,73
03c54f05f,67
81f2fa04d,50
b1391f097,103
92b24e585,87
35b87f500,50
42fbaf02d,67
0b027c740,29
43382559c,0
e7638c0a5,0
495523f05,12
b0d928a20,103
b9a264608,90
ead4c9659,67
b27c04f88,4
3beb40bce,7
ecfc076ab,20
f033adb55,72
2c79f3a6b,103
88226300c,98
6b5cf2a71,53
a91c62b42,30
e8add9fd5,28
ad0d1c07b,13
cd3c07f1e,53
46d056d14,78
14fe67e77,75
9da5c57ef,56
95eaa8650,47
ee3c66211,53
509570780,4
c05075421,102
a5f5634a7,75
08c3da1cd,72
5ee6cb24d,21
ca9c4b1e1,4
63d72a8b5,52
4d42fbb18,4
74ecc535b,53
8ad5daf80,4
08a78ffc3,53
36112c4bd,4
3e3942656,102
f880b1d01,45
3714d19b7,64
151d03177,67
8a0b0f47a,9
804f7c7a6,48
70e6b4f07,46
5c76c7057,52
fb2895935,67
9e011c986,48
170517f38,103
f69355cc5,94
76f661311,53
a4c653f29,46
377abf496,76
2575123f6,74
26f14822a,29
e9928cf8f,67
8e9cb9e5f,39
5d4811c9b,67
53d1111f9,103
c6fdffb79,75
bb91e163e,102
0535ccb68,53
6c1e0dfda,13
a0dfbd411,76
cf8ee02e6,10
f0dc59c83,8
64a087667,80
bcbc0ec93,102
ff6213278,11
3d087513e,0
70d37d23f,80
e9e0698f5,4
8bf87e69c,76
07b1b8c87,83
0667667be,4
1ec665f37,50
7b1177392,77
f5207be25,67
23ea06b99,95
11ed4fed5,67
b6559ddf2,103
bcd68e6b2,45
5e35708ec,93
b2d223ece,53
377240bbd,73
b8a90ad87,62
fd6b80e18,102
b30719c82,81
74f1c073c,67
b96651b6a,29
39c5bb98a,85
90b57e4a0,50
04a7f34aa,67
34aceeacc,40
38d113afa,103
83abaef21,21
b167313d0,52
f58f83775,39
e690ff8ae,67
b72fe5b8d,29
ed849ee3c,101
10101e982,67
383ce35cc,74
dc4338093,24
805888e57,78
fe30ebb03,4
7af3ecde3,64
dc40a9854,21
b83336a9f,4
d34eabf31,67
3d000dd19,47
3eaf5a947,67
72848173f,53
214121cb3,102
757866231,49
ec7f6d106,102
36d0c85f4,0
96d8b0c1d,67
7790e656a,10
3599e2fbf,50
21ca80954,103
486d538e1,68
cce4b16f5,36
f1babf32a,4
110dac9f2,24
bb9565c29,11
ac67924f9,102
69af53dca,49
916e18133,102
5227d80bf,0
e8a1d04f0,67
a3d0ecd9e,77
30802b47e,102
65a3a7b6d,73
b0b810f90,4
2083b8669,67
902b5770f,52
f5e86abe9,14
3bb893d48,49
333118494,33
e2b90e868,23
947bca713,28
90e8d8225,102
5f274a6ad,103
121fc6463,103
bf9efeb37,67
ad60c3571,50
4c613566a,93
4a03138df,49
35b89eb8c,73
ed0204f22,47
2b5c4fa01,81
090a1154e,42
14ffc1505,70
fc6b8b594,70
d30f4ccaa,49
284fc118f,49
fe1669ffd,4
fda42498c,4
9e421d059,103
0cbc27679,102
8c59b2b7f,102
c7cd71880,81
e9a53e9fa,72
5a86ac765,13
ea755b7f6,39
a8e6d30e2,4
ad27e607b,102
3653292ac,49
07b9edd52,93
c0a9efdcc,11
2a017a2ec,73
65c796a0b,48
5f84c75f9,7
d1dacf9dd,103
4cf1de29a,74
ee6340fc0,49
d8909ecab,82
0281e01e3,9
aae8b6cb7,73
9dfb86d81,48
5dac2f949,103
ebe718ae0,52
eac0fd0b9,67
4ff54212e,10
9c3ca26e9,24
0ef6a4923,14
99f5a507a,67
467025843,53
7db44032e,102
195bacee1,4
8e75c9098,90
72033968b,67
bb1e822e8,14
f5a3fd7b5,53
f281ef28e,47
eed177624,67
56cafc1c8,67
abb27a80c,28
f6f821392,4
edca7ed7e,73
863e8afa4,103
50b7b51b8,95
a9a1e0332,49
977ebbfb9,103
b2004fc1c,48
ce0668511,53
3b518d13b,94
f424ad351,103
41cbb748c,102
11e3afa83,103
b80e5bddf,67
0571dcc03,0
738af3f29,67
e4bd15b11,95
1777595a2,53
6b8d9d74d,49
f7ec97ce1,93
3af79d01e,74
2194ed33a,73
00f05ea9e,4
01597bbec,48
36da5e9ca,53
816ada493,53
8d94bd8b9,102
04721ef43,53
ff2ebb52f,61
91275fda4,71
0b2640e87,102
09cec0e8a,45
467d1a4a4,81
8fc8f357e,10
2c061c902,4
caff65f31,48
e6135dd8f,67
6ee6d6c48,48
c5f7f7fe3,68
ce72a44fe,102
7b6d30721,22
df01d58ca,87
490efc553,77
4d20e5f0e,29
4b2c0659e,103
98038f676,76
2a60639ba,14
18d6844a0,49
7d0e16879,4
5528db727,45
979be015f,53
f7890fb5d,71
7059b2c59,67
465f2ddcf,4
b7c02d7c8,102
226ff375e,68
da6f46b28,52
436f2b8f1,88
e9d6bf3cb,50
9c64cb14d,67
53f2f97d2,51
54419838d,53
e72ba29c5,14
a11aaec4d,12
16c791a6f,102
f6e9739ff,93
2ca0a45cd,59
646e258ec,70
2a499fa40,74
cfbc79ec1,67
2a40c5664,67
7b1e459ef,12
8f206287b,48
f8aff0cd2,55
c0edbe84c,95
b8c82be3f,48
af3c7a24b,93
3b6e604d2,67
02b01a158,103
f0f2f3e0b,4
6c2ce6d90,48
f59c3ad7f,93
1bbceba89,42
698676b2c,94
d0411902b,67
c64eb3a36,0
e555f7ecd,103
fb9a6a9b5,102
ca1b7fcd6,73
9d98f7c9e,24
d4a2a2f29,78
9a6e4aacd,67
0134f018d,35
79f689862,103
2e7fad027,10
a3a17500a,14
8f7dafef1,103
da1b9b717,52
433c9564f,94
d1e91d28a,93
5f729cf60,53
1226ffc63,94
0186b465f,47
f811b7fa3,62
76dd2577e,95
f9eb9c412,74
4c0f2c1ad,45
c6774c8ab,90
aeb6e32ab,83
5d171dcf7,102
374452b3b,8
597ea383e,73
9123fc9c8,0
8996126cf,80
8fe3eca19,4
c4c9b5dc4,49
3be259713,53
5dd6b63d9,47
674e50421,50
07f85cd68,71
a3119fa46,73
0c7c4d0a7,4
56a71117b,78
5c66ca3ec,80
f21bd29f5,4
7cc00d3bf,67
6953f8992,43
ea36e1b93,75
85d30d942,67
a1c8de469,73
c62460407,88
c92684487,65
57d9b8302,4
a5b604f04,30
35659b2ff,67
3a391563c,5
afd56596f,67
888fb3305,68
6759ac31a,0
c63df66ce,28
fb6d4648a,21
2bb868394,99
792e61b1e,49
131ea4f52,49
6dc1a03ed,49
d1ae6b983,68
96df0c6bc,10
056767c8c,14
757e27b6b,14
1706c5144,14
e109f9b0a,4
434079379,14
57787a61a,93
44903b337,73
7b506b5bd,52
149c9e414,103
02055dd80,67
4a30cdae9,0
767a87c4e,57
7a9de4b35,67
45610320d,7
19f18eb63,55
4591d2725,0
50c9fd635,49
a7af85579,62
d9e7e7723,45
fb78539c2,71
84a3027c3,0
cc6a65411,56
42d890962,35
f2a35c7cd,103
4198fad68,55
1e0d2fb87,59
202eabfc4,13
a6e42d0ec,56
9d38f1232,10
914b0e71b,48
7f7b2c732,50
4dfea8574,103
fc8428025,49
b8c434ee9,0
baa0d1cb2,50
7cb1fb42c,18
142929b13,67
77e34e261,55
01a3fdd52,73
07b1b52f5,67
f87390b13,67
23a5ec48b,98
075d6bb86,86
b0e07a930,86
88621ac35,103
b30ac7015,67
91398b8af,86
394eed0ec,103
6abab3d7d,45
e3b0ff721,75
a1a26657a,75
4dccae9a1,102
7de565519,79
c0dd27777,41
14d0bc36e,87
d0a654445,73
ff5d4568e,4
ff67d505e,81
847402c34,67
1d49676bf,4
64213e873,52
e83500196,4
fdf61c313,4
3a1d5b5db,67
2cfc6468e,69
d08d707db,48
d89e84047,67
42e378280,102
c6bb832b3,0
3f7a7e0d8,65
fd5cd4e2c,95
ac1af6f95,53
911c029b5,24
2daf558c1,12
24d5596ef,103
e98492667,76
aa32d1bac,32
74d672d39,43
e11a7a42f,67
c5c1962bb,49
98cb45c72,73
a048044c1,102
9256e64b8,53
350182af5,97
f76006728,10
bbe2e7c64,51
4ba2dc197,71
9a879fb6d,4
36f394d24,63
a2e59aee8,14
2cc73c0c9,67
fd1ebe8cb,102
9304e605c,13
6a9dcc24b,75
ab905cacc,14
ebd098414,49
4a3bed1ab,67
4d88ed603,13
fb8be9bfa,14
501229169,50
fb67e5172,102
f18556a22,103
337187c30,67
d7c723881,67
d20e60a1f,71
fcebd07c5,10
a0bdfb2d3,73
8af4a8896,91
8e2bff6c6,48
e9471b958,76
f7107a3a4,62
018353f1c,49
2c7a32907,90
0f0ccd222,73
ee19b7f65,67
7fe424fe7,4
671ad3443,67
cfe404d71,49
b8bfa2b50,13
7605a3733,93
878cb5b42,47
341eee5b2,67
0c8abe310,49
797da59fa,103
18ed42876,103
218e61006,17
38a3caf8b,71
547e41140,67
07a4b0444,75
63ed2755f,49
702cf1671,80
19e07f757,42
7ac6f5ed5,4
7beeb67c3,4
b52c3c500,0
c210cba33,73
897e8e24d,53
991b607de,80
5ea428031,89
39b18554c,49
b45121ff1,48
f9de43fb7,46
ca050faf8,102
1e59b9929,37
f8b87bb44,95
72606e8f3,87
b125a5970,54
30e800167,103
c93ecfaeb,102
5e69e6a8e,103
23ea13205,9
14a804b2f,103
7e2ed4d52,30
6e4e60f69,67
3919d8ac5,56
536c83e57,4
0d6befa42,49
ca1095668,67
9ed125a83,49
4479a460c,75
ee3c0e393,13
1d3f0519b,48
4208f72ba,103
79f93fc6d,67
9a167fc40,103
1c0c4fa86,67
8b293a45c,82
47830a2a1,67
8f7576edf,13
6e979324c,93
9cd6277d4,5
875858dad,4
19b046852,103
fb532209f,40
36d4c70b5,52
69f5b082c,73
eedc4e2f1,102
2fe816ce2,13
e6c9612bf,50
36444082b,52
6ba2f9b54,13
5e216ec7c,69
b0d0e7cd7,59
6e16e769d,68
45ad763cc,1
5ac5273a9,93
5e003d916,73
aaef221e7,48
693fd2ef4,47
a1b4dc452,53
052f7e154,53
993b3757b,49
4c8e7b1f5,103
368d86c92,18
31dec703e,90
991294873,48
9e87cc8f0,10
5c38776b4,103
369e356df,28
73d04b4a0,67
f938ff523,4
920247fd4,4
baa4deee5,67
66cf381b9,91
06a271f97,67
486248544,4
6f238770e,4
a666bcc36,103
e5540e0f5,53
d75974136,73
2ef28fa69,4
80ab4469a,102
1fe1115ee,102
0fde7a334,74
6b47e8357,95
f85c3cd52,48
c1e39ffe4,4
37b17ad81,10
eaa8b622b,73
a4d628083,50
e56916c4c,49
6c14532cd,62
a18ae9e89,102
f4684cdeb,67
874df1738,10
77759374e,67
624196c26,67
a35a4626f,102
4e933f65c,14
441c13b73,73
5b89103cf,73
5f2c16024,12
f78eecf21,103
23d5c512f,53
2bd2ebfa9,4
0ed0741d4,53
f0da19dfd,79
0b061eae3,67
85f511409,103
2482d97e4,47
7ca677dde,67
c6326ffed,102
d1655f52d,103
bdb501796,4
9cb714943,103
38b48be78,88
2e21540ac,45
4028851f0,47
f8933e5d2,103
e60d33c82,74
0a8a36c25,67
7d3786848,67
34d222c51,75
b545ede10,74
de9010824,75
95eb4c83a,98
832b85df9,67
4194b2615,65
2c05dd6e0,103
3c36c119c,48
76bb433ee,0
56e37b524,67
40fc0d8ba,0
89f3b6297,53
41ffad9d1,76
85b7e1897,47
fac4230e7,52
a6ad089f9,47
071eaaad4,90
6820bdfb3,67
02d846418,4
17625283c,4
f735fb308,103
a68286bc6,48
832e7cf1f,36
da0a25a77,41
26914358f,49
402023b27,90
a4cd1d43c,67
e810fbb6b,93
a21a2c1b2,10
25004084c,67
4c91c2a8a,53
aa118cbeb,102
a9855f136,4
eb71bcdf2,14
e68ff576e,75
42acf797c,90
c3ddcd12d,69
0dc507ad4,48
f986f94f0,36
8cd1b6545,24
0cf33d505,47
9fcb174b6,53
f0f7de90c,90
2b47bed50,75
80ceb515c,46
7f19952d4,64
4698789b6,4
6af290ef5,79
c86cce658,103
4c6264df6,73
29f4ab45c,102
f51e1baf9,73
4a1d07383,49
c87c12901,73
e2987599c,12
224416fdb,91
44af20a55,90
e2194cc70,67
fd44aaefd,102
8965a61bc,76
2a158f54c,68
ca1d1d65c,46
d9268cb57,37
631f04e66,48
33ee9899d,67
22a46a27e,29
3daea4675,5
689eb9f68,74
b020fbff9,53
5df38050a,75
5e2125e43,63
878bf09bf,103
6273f48ef,14
315d0c65d,53
d5ccfad53,14
f5a7cbd09,22
29c460e2b,45
48faecd45,77
6ef0b83d0,61
76e3166a8,102
fc13d942e,4
dbb703916,73
5ec08d254,72
57d893ed7,55
cc256396d,50
26a12de02,47
3ff83ac2a,67
392443fe6,12
3875d3601,40
f985ee0da,53
a5d4584c3,4
68d5dc3c5,99
055988ad2,14
5e166be69,82
9f3fabc70,47
ab6404be4,103
d2cd8b9fe,49
5f1a08959,4
c54530ff1,48
a829407c3,7
c20b4c81f,18
61290cc43,0
c701bae84,75
9fb9a9e81,49
c404b8c8e,79
fb91caf96,7
deb71b934,48
5ca912390,102
cd86aac5a,4
3dd4e386e,28
82316b58b,45
500c6294c,67
31ee17f77,9
fcd2cb7e0,49
c44d85f2f,51
47f8f7372,9
6387659fd,95
3a81df4d4,64
1a9d0eae3,48
313055a9e,68
476283f9c,48
785f14a23,4
52dd86f38,64
9ca216086,49
a21f6d452,49
ff2804289,47
8bae211d3,7
ab3bcad5b,73
db09a299b,53
7dcc4ff7e,4
9d9605a15,102
e59f4958d,0
7d759eb81,70
5a2911399,0
979d4369b,65
d09882bb8,102
e256b0ce1,67
881336587,5
6162cab31,56
f26f199fb,93
cfc106ac3,67
f95d4b24c,65
323884b26,73
2a0a2ea23,4
40a956d5b,67
30ecc23d5,14
a78af18b7,67
f99834b3e,90
d4c799460,90
435e0f59b,54
06cf3311a,48
486715238,7
6021f47e4,102
9d4d22004,68
623b64d19,11
c2b3daa2a,48
dc5498af1,15
139aad8b2,39
6d48de3df,49
91212615a,39
da176437c,87
32a1d9f65,40
cc9d66275,65
b241ccc78,67
e207a9c22,49
d46919710,70
c5d48fbbf,67
97dbf9d67,13
e34bf0fa4,49
abac36cc0,53
654504abb,67
c2ddc15a6,80
c0e7198e2,58
7e3369c19,48
cf787b891,29
b845a0f00,50
abc1d37b6,82
a13d3dfa4,54
405a7d77a,53
c51ad1704,76
c96004e94,35
a024aee0f,13
7d1005a2c,26
0cfca4a37,46
1289609e3,102
465fca558,87
2a608c0db,52
67dbffd24,45
1cd461407,1
581ead9fe,72
b0f5721ca,47
1b4edfea8,64
251a8d95d,102
41230fe49,49
5699993e6,67
64f9d993b,58
c199140c3,28
7f5479556,67
47f47a868,80
9e7925f1b,49
2c7ce5049,49
d82a21bbd,93
51d113f3a,103
1ef426390,4
8c5e0c760,103
754eab3b5,73
1e8c44cbe,28
2072cd9f3,77
e6ec47b1d,21
02073dfee,48
3816dac91,73
589fe7959,102
e955870c5,45
27c1d078f,67
becdc1364,95
63e2e3e4f,49
f9c931893,53
618ded9bc,40
ac8d33b0e,103
d7a9e0691,53
5fab0c048,53
1dae04aa5,10
d7388a066,4
cd16a306c,17
831348989,36
a24932259,4
d6c7e918e,73
3b7c11d3e,103
b9b88996b,94
48526fccb,62
ed087f460,71
18c7b92b8,14
cb3ba4df2,50
a859410aa,10
1da642ca9,103
9e99e1332,83
62a682a26,17
53b2da1bf,103
f89a5307c,43
f0fd3d741,10
f65475a24,48
e46998f4d,73
9cb5c3012,4
e86e2a592,62
8361401fa,45
298ade3a4,49
523df966b,53
99617ebe0,23
3522d5b4e,75
40ff0c11f,67
7f4520e95,19
25e5d12e0,67
c785abe6f,7
9b9c0e574,50
ce3c158fa,74
